Estado,UF,Período2,Período,Ano,Tipo,Quantidade
Acre,AC,2004-11,Nov 2004,2004,DENV3:III,1
Acre,AC,2021-02,Fev 2021,2021,DENV2:II-Cosmopolitan,2
Acre,AC,2021-02,Fev 2021,2021,DENV2:desconhecido,2
Acre,AC,2021-03,Mar 2021,2021,DENV2:desconhecido,1
Acre,AC,2022-01,Jan 2022,2022,DENV2:II-Cosmopolitan,4
Acre,AC,2022-02,Fev 2022,2022,DENV2:II-Cosmopolitan,6
Acre,AC,2022-04,Abr 2022,2022,DENV2:II-Cosmopolitan,10
Acre,AC,2022-05,Mai 2022,2022,DENV2:II-Cosmopolitan,4
Acre,AC,2022-06,Jun 2022,2022,DENV2:II-Cosmopolitan,2
Acre,AC,2022-07,Jul 2022,2022,DENV2:II-Cosmopolitan,1
Alagoas,AL,2019-05,Mai 2019,2019,DENV1:V,3
Alagoas,AL,2022-05,Mai 2022,2022,DENV1:V,5
Alagoas,AL,2022-05,Mai 2022,2022,DENV2:III-Asian-American,2
Alagoas,AL,2022-06,Jun 2022,2022,DENV1:V,3
Alagoas,AL,2022-06,Jun 2022,2022,DENV2:III-Asian-American,2
Alagoas,AL,2022-08,Ago 2022,2022,DENV1:V,1
Alagoas,AL,2023-05,Mai 2023,2023,DENV1:V,1
Alagoas,AL,2023-06,Jun 2023,2023,DENV1:V,1
Alagoas,AL,2023-07,Jul 2023,2023,DENV1:V,1
Alagoas,AL,2023-07,Jul 2023,2023,DENV2:II-Cosmopolitan,1
Amapá,AP,2014-07,Jul 2014,2014,DENV1:V,1
Amapá,AP,2014-09,Set 2014,2014,DENV1:V,1
Amapá,AP,2014-10,Out 2014,2014,DENV1:V,2
Amapá,AP,2014-12,Dez 2014,2014,DENV1:V,1
Amapá,AP,2015-02,Fev 2015,2015,DENV1:V,4
Amapá,AP,2015-05,Mai 2015,2015,DENV1:V,1
Amapá,AP,2015-06,Jun 2015,2015,DENV1:V,1
Amapá,AP,2015-07,Jul 2015,2015,DENV1:V,1
Amazonas,AM,2006-04,Abr 2006,2006,DENV3:III,1
Amazonas,AM,2009-12,Dez 2009,2009,DENV3:III,3
Amazonas,AM,2009-12,Dez 2009,2009,DENV4:II,1
Amazonas,AM,2011-01,Jan 2011,2011,DENV1:V,4
Amazonas,AM,2011-01,Jan 2011,2011,DENV2:III-Asian-American,4
Amazonas,AM,2011-01,Jan 2011,2011,DENV4:II,5
Amazonas,AM,2011-02,Fev 2011,2011,DENV1:V,2
Amazonas,AM,2011-02,Fev 2011,2011,DENV2:III-Asian-American,1
Amazonas,AM,2011-02,Fev 2011,2011,DENV3:III,1
Amazonas,AM,2011-02,Fev 2011,2011,DENV4:II,3
Amazonas,AM,2011-03,Mar 2011,2011,DENV1:V,1
Amazonas,AM,2011-03,Mar 2011,2011,DENV2:III-Asian-American,2
Amazonas,AM,2011-03,Mar 2011,2011,DENV3:III,1
Amazonas,AM,2011-03,Mar 2011,2011,DENV4:II,2
Amazonas,AM,2011-04,Abr 2011,2011,DENV4:II,1
Amazonas,AM,2022-04,Abr 2022,2022,DENV1:V,1
Amazonas,AM,2022-10,Out 2022,2022,DENV2:II-Cosmopolitan,6
Amazonas,AM,2022-11,Nov 2022,2022,DENV2:II-Cosmopolitan,7
Amazonas,AM,2023-01,Jan 2023,2023,DENV1:V,1
Amazonas,AM,2023-01,Jan 2023,2023,DENV2:II-Cosmopolitan,10
Amazonas,AM,2023-02,Fev 2023,2023,DENV1:V,5
Amazonas,AM,2023-02,Fev 2023,2023,DENV2:II-Cosmopolitan,10
Amazonas,AM,2023-03,Mar 2023,2023,DENV1:V,1
Amazonas,AM,2023-03,Mar 2023,2023,DENV2:II-Cosmopolitan,1
Amazonas,AM,2023-04,Abr 2023,2023,DENV1:V,2
Amazonas,AM,2023-04,Abr 2023,2023,DENV2:II-Cosmopolitan,6
Amazonas,AM,2023-05,Mai 2023,2023,DENV1:V,3
Amazonas,AM,2023-05,Mai 2023,2023,DENV2:II-Cosmopolitan,16
Amazonas,AM,2023-06,Jun 2023,2023,DENV1:V,2
Amazonas,AM,2023-06,Jun 2023,2023,DENV2:II-Cosmopolitan,9
Amazonas,AM,2023-07,Jul 2023,2023,DENV1:V,13
Amazonas,AM,2023-07,Jul 2023,2023,DENV2:II-Cosmopolitan,21
Amazonas,AM,2023-07,Jul 2023,2023,DENV2:desconhecido,3
Amazonas,AM,2023-08,Ago 2023,2023,DENV1:V,3
Bahia,BA,2011-03,Mar 2011,2011,DENV4:I,1
Bahia,BA,2019-01,Jan 2019,2019,DENV1:V,11
Bahia,BA,2019-01,Jan 2019,2019,DENV2:III-Asian-American,1
Bahia,BA,2019-02,Fev 2019,2019,DENV1:V,1
Bahia,BA,2019-03,Mar 2019,2019,DENV1:V,7
Bahia,BA,2019-04,Abr 2019,2019,DENV1:V,11
Bahia,BA,2019-04,Abr 2019,2019,DENV2:III-Asian-American,6
Bahia,BA,2019-05,Mai 2019,2019,DENV1:V,6
Bahia,BA,2019-05,Mai 2019,2019,DENV2:III-Asian-American,9
Bahia,BA,2019-06,Jun 2019,2019,DENV2:III-Asian-American,4
Bahia,BA,2019-07,Jul 2019,2019,DENV2:III-Asian-American,1
Bahia,BA,2021-03,Mar 2021,2021,DENV1:V,3
Bahia,BA,2021-05,Mai 2021,2021,DENV1:V,2
Bahia,BA,2022-04,Abr 2022,2022,DENV2:II-Cosmopolitan,1
Bahia,BA,2022-05,Mai 2022,2022,DENV2:II-Cosmopolitan,6
Bahia,BA,2022-07,Jul 2022,2022,DENV2:II-Cosmopolitan,1
Bahia,BA,2022-10,Out 2022,2022,DENV1:V,4
Bahia,BA,2022-11,Nov 2022,2022,DENV1:V,1
Bahia,BA,2022-12,Dez 2022,2022,DENV1:V,2
Bahia,BA,2023-01,Jan 2023,2023,DENV1:V,2
Bahia,BA,2023-01,Jan 2023,2023,DENV2:II-Cosmopolitan,1
Bahia,BA,2023-02,Fev 2023,2023,DENV1:V,4
Bahia,BA,2023-02,Fev 2023,2023,DENV2:II-Cosmopolitan,8
Bahia,BA,2023-02,Fev 2023,2023,DENV2:III-Asian-American,2
Bahia,BA,2023-03,Mar 2023,2023,DENV1:V,9
Bahia,BA,2023-03,Mar 2023,2023,DENV2:II-Cosmopolitan,6
Bahia,BA,2023-03,Mar 2023,2023,DENV2:III-Asian-American,6
Bahia,BA,2023-04,Abr 2023,2023,DENV1:V,14
Bahia,BA,2023-04,Abr 2023,2023,DENV2:III-Asian-American,6
Bahia,BA,2023-05,Mai 2023,2023,DENV1:V,15
Bahia,BA,2023-05,Mai 2023,2023,DENV2:II-Cosmopolitan,6
Bahia,BA,2023-05,Mai 2023,2023,DENV2:III-Asian-American,6
Bahia,BA,2023-05,Mai 2023,2023,DENV2:desconhecido,2
Bahia,BA,2023-06,Jun 2023,2023,DENV1:V,4
Bahia,BA,2023-06,Jun 2023,2023,DENV2:II-Cosmopolitan,5
Bahia,BA,2023-06,Jun 2023,2023,DENV2:III-Asian-American,2
Bahia,BA,2023-06,Jun 2023,2023,DENV2:desconhecido,1
Bahia,BA,2023-07,Jul 2023,2023,DENV1:V,1
Ceará,CE,2007-07,Jul 2007,2007,DENV3:III,1
Ceará,CE,2008-01,Jan 2008,2008,DENV3:III,1
Ceará,CE,2022-11,Nov 2022,2022,DENV1:V,1
Ceará,CE,2022-12,Dez 2022,2022,DENV1:V,2
Ceará,CE,2022-12,Dez 2022,2022,DENV1:desconhecido,1
Ceará,CE,2023-01,Jan 2023,2023,DENV1:V,1
Ceará,CE,2023-02,Fev 2023,2023,DENV1:V,11
Ceará,CE,2023-02,Fev 2023,2023,DENV1:desconhecido,10
Ceará,CE,2023-03,Mar 2023,2023,DENV1:V,34
Ceará,CE,2023-03,Mar 2023,2023,DENV1:desconhecido,4
Ceará,CE,2023-04,Abr 2023,2023,DENV1:V,26
Ceará,CE,2023-04,Abr 2023,2023,DENV1:desconhecido,1
Ceará,CE,2023-05,Mai 2023,2023,DENV1:V,16
Distrito Federal,DF,2019-04,Abr 2019,2019,DENV1:V,1
Distrito Federal,DF,2019-07,Jul 2019,2019,DENV1:V,1
Distrito Federal,DF,2019-08,Ago 2019,2019,DENV2:III-Asian-American,1
Distrito Federal,DF,2023-02,Fev 2023,2023,DENV1:V,1
Distrito Federal,DF,2023-03,Mar 2023,2023,DENV1:V,2
Distrito Federal,DF,2023-04,Abr 2023,2023,DENV1:V,4
Distrito Federal,DF,2023-05,Mai 2023,2023,DENV1:V,6
Espírito Santo,ES,2019-03,Mar 2019,2019,DENV1:V,1
Espírito Santo,ES,2023-01,Jan 2023,2023,DENV1:V,3
Espírito Santo,ES,2023-02,Fev 2023,2023,DENV1:V,2
Espírito Santo,ES,2023-03,Mar 2023,2023,DENV1:V,6
Espírito Santo,ES,2023-04,Abr 2023,2023,DENV1:V,20
Espírito Santo,ES,2023-04,Abr 2023,2023,DENV2:II-Cosmopolitan,2
Espírito Santo,ES,2023-05,Mai 2023,2023,DENV1:V,31
Espírito Santo,ES,2023-05,Mai 2023,2023,DENV2:II-Cosmopolitan,4
Espírito Santo,ES,2023-06,Jun 2023,2023,DENV1:V,3
Espírito Santo,ES,2023-07,Jul 2023,2023,DENV1:V,4
Espírito Santo,ES,2023-07,Jul 2023,2023,DENV2:II-Cosmopolitan,1
Espírito Santo,ES,2023-09,Set 2023,2023,DENV1:V,2
Espírito Santo,ES,2023-09,Set 2023,2023,DENV2:II-Cosmopolitan,3
Espírito Santo,ES,2023-10,Out 2023,2023,DENV1:V,3
Espírito Santo,ES,2023-11,Nov 2023,2023,DENV1:V,1
Espírito Santo,ES,2023-12,Dez 2023,2023,DENV1:V,5
Espírito Santo,ES,2023-12,Dez 2023,2023,DENV2:II-Cosmopolitan,2
Espírito Santo,ES,2024-01,Jan 2024,2024,DENV1:V,24
Espírito Santo,ES,2024-01,Jan 2024,2024,DENV2:II-Cosmopolitan,9
Espírito Santo,ES,2024-01,Jan 2024,2024,DENV2:III-Asian-American,1
Goiás,GO,2008-02,Fev 2008,2008,DENV2:III-Asian-American,1
Goiás,GO,2008-03,Mar 2008,2008,DENV2:III-Asian-American,2
Goiás,GO,2015-08,Ago 2015,2015,DENV1:V,1
Goiás,GO,2015-11,Nov 2015,2015,DENV1:V,1
Goiás,GO,2017-02,Fev 2017,2017,DENV2:III-Asian-American,1
Goiás,GO,2018-11,Nov 2018,2018,DENV2:III-Asian-American,1
Goiás,GO,2019-01,Jan 2019,2019,DENV2:III-Asian-American,6
Goiás,GO,2019-02,Fev 2019,2019,DENV1:V,3
Goiás,GO,2019-02,Fev 2019,2019,DENV2:III-Asian-American,11
Goiás,GO,2019-03,Mar 2019,2019,DENV2:III-Asian-American,8
Goiás,GO,2019-04,Abr 2019,2019,DENV1:V,2
Goiás,GO,2019-04,Abr 2019,2019,DENV2:III-Asian-American,3
Goiás,GO,2019-05,Mai 2019,2019,DENV2:III-Asian-American,2
Goiás,GO,2019-06,Jun 2019,2019,DENV2:III-Asian-American,1
Goiás,GO,2022-02,Fev 2022,2022,DENV2:II-Cosmopolitan,2
Goiás,GO,2022-03,Mar 2022,2022,DENV2:II-Cosmopolitan,1
Goiás,GO,2022-04,Abr 2022,2022,DENV2:II-Cosmopolitan,2
Goiás,GO,2022-05,Mai 2022,2022,DENV2:II-Cosmopolitan,1
Goiás,GO,2023-02,Fev 2023,2023,DENV1:V,1
Goiás,GO,2023-03,Mar 2023,2023,DENV1:V,13
Goiás,GO,2023-04,Abr 2023,2023,DENV1:V,3
Goiás,GO,2023-05,Mai 2023,2023,DENV1:V,9
Goiás,GO,2023-12,Dez 2023,2023,DENV2:II-Cosmopolitan,23
Goiás,GO,2024-01,Jan 2024,2024,DENV2:II-Cosmopolitan,16
Maranhão,MA,2019-06,Jun 2019,2019,DENV2:III-Asian-American,1
Maranhão,MA,2022-06,Jun 2022,2022,DENV2:II-Cosmopolitan,1
Maranhão,MA,2023-03,Mar 2023,2023,DENV1:V,1
Mato Grosso,MT,2012-02,Fev 2012,2012,DENV4:II,5
Mato Grosso,MT,2012-03,Mar 2012,2012,DENV4:II,11
Mato Grosso,MT,2012-04,Abr 2012,2012,DENV4:II,12
Mato Grosso,MT,2012-05,Mai 2012,2012,DENV1:V,1
Mato Grosso,MT,2012-05,Mai 2012,2012,DENV2:IV-AsianII,1
Mato Grosso,MT,2012-05,Mai 2012,2012,DENV4:II,2
Mato Grosso,MT,2012-06,Jun 2012,2012,DENV3:III,1
Mato Grosso,MT,2012-07,Jul 2012,2012,DENV1:V,1
Mato Grosso,MT,2014-09,Set 2014,2014,DENV2:IV-AsianII,2
Mato Grosso,MT,2015-03,Mar 2015,2015,DENV4:II,1
Mato Grosso,MT,2015-04,Abr 2015,2015,DENV1:II,1
Mato Grosso,MT,2015-04,Abr 2015,2015,DENV4:II,2
Mato Grosso,MT,2015-05,Mai 2015,2015,DENV4:II,2
Mato Grosso,MT,2015-06,Jun 2015,2015,DENV1:V,1
Mato Grosso,MT,2015-06,Jun 2015,2015,DENV4:II,1
Mato Grosso,MT,2015-09,Set 2015,2015,DENV1:V,1
Mato Grosso,MT,2015-11,Nov 2015,2015,DENV1:V,1
Mato Grosso,MT,2015-12,Dez 2015,2015,DENV1:V,1
Mato Grosso,MT,2015-12,Dez 2015,2015,DENV2:IV-AsianII,1
Mato Grosso,MT,2016-02,Fev 2016,2016,DENV1:III,1
Mato Grosso,MT,2017-04,Abr 2017,2017,DENV1:desconhecido,1
Mato Grosso,MT,2018-03,Mar 2018,2018,DENV1:desconhecido,1
Mato Grosso,MT,2018-05,Mai 2018,2018,DENV1:V,1
Mato Grosso,MT,2018-05,Mai 2018,2018,DENV1:desconhecido,1
Mato Grosso,MT,2019-01,Jan 2019,2019,DENV4:desconhecido,1
Mato Grosso,MT,2019-02,Fev 2019,2019,DENV2:III-Asian-American,2
Mato Grosso,MT,2019-03,Mar 2019,2019,DENV2:III-Asian-American,3
Mato Grosso,MT,2019-05,Mai 2019,2019,DENV2:III-Asian-American,1
Mato Grosso,MT,2022-03,Mar 2022,2022,DENV2:II-Cosmopolitan,1
Mato Grosso,MT,2022-04,Abr 2022,2022,DENV2:II-Cosmopolitan,1
Mato Grosso,MT,2023-01,Jan 2023,2023,DENV1:V,1
Mato Grosso,MT,2023-02,Fev 2023,2023,DENV1:V,8
Mato Grosso,MT,2023-03,Mar 2023,2023,DENV1:V,19
Mato Grosso,MT,2023-04,Abr 2023,2023,DENV1:V,8
Mato Grosso,MT,2023-05,Mai 2023,2023,DENV1:V,12
Mato Grosso,MT,2023-11,Nov 2023,2023,DENV1:V,3
Mato Grosso,MT,2023-11,Nov 2023,2023,DENV2:II-Cosmopolitan,1
Mato Grosso,MT,2023-11,Nov 2023,2023,DENV2:desconhecido,2
Mato Grosso,MT,2023-12,Dez 2023,2023,DENV1:V,4
Mato Grosso,MT,2023-12,Dez 2023,2023,DENV2:II-Cosmopolitan,1
Mato Grosso,MT,2023-12,Dez 2023,2023,DENV2:desconhecido,1
Mato Grosso do Sul,MS,2018-10,Out 2018,2018,DENV2:III-Asian-American,1
Mato Grosso do Sul,MS,2018-11,Nov 2018,2018,DENV2:III-Asian-American,2
Mato Grosso do Sul,MS,2018-12,Dez 2018,2018,DENV2:III-Asian-American,2
Mato Grosso do Sul,MS,2019-01,Jan 2019,2019,DENV2:III-Asian-American,25
Mato Grosso do Sul,MS,2019-02,Fev 2019,2019,DENV2:III-Asian-American,3
Mato Grosso do Sul,MS,2019-03,Mar 2019,2019,DENV2:III-Asian-American,18
Mato Grosso do Sul,MS,2019-04,Abr 2019,2019,DENV2:III-Asian-American,2
Mato Grosso do Sul,MS,2021-05,Mai 2021,2021,DENV2:III-Asian-American,1
Mato Grosso do Sul,MS,2021-06,Jun 2021,2021,DENV2:III-Asian-American,3
Mato Grosso do Sul,MS,2021-07,Jul 2021,2021,DENV2:II-Cosmopolitan,1
Mato Grosso do Sul,MS,2021-07,Jul 2021,2021,DENV2:III-Asian-American,1
Mato Grosso do Sul,MS,2022-03,Mar 2022,2022,DENV1:V,37
Mato Grosso do Sul,MS,2022-03,Mar 2022,2022,DENV2:II-Cosmopolitan,1
Mato Grosso do Sul,MS,2022-04,Abr 2022,2022,DENV1:V,132
Mato Grosso do Sul,MS,2022-04,Abr 2022,2022,DENV2:II-Cosmopolitan,2
Mato Grosso do Sul,MS,2022-05,Mai 2022,2022,DENV1:V,3
Mato Grosso do Sul,MS,2023-03,Mar 2023,2023,DENV1:V,14
Mato Grosso do Sul,MS,2023-12,Dez 2023,2023,DENV1:V,9
Mato Grosso do Sul,MS,2024-01,Jan 2024,2024,DENV1:V,17
Mato Grosso do Sul,MS,2024-01,Jan 2024,2024,DENV2:IV-AsianII,1
Mato Grosso do Sul,MS,2024-01,Jan 2024,2024,DENV4:II,1
Minas Gerais,MG,2005-12,Dez 2005,2005,DENV3:V,1
Minas Gerais,MG,2006-01,Jan 2006,2006,DENV3:V,1
Minas Gerais,MG,2013-05,Mai 2013,2013,DENV1:V,3
Minas Gerais,MG,2013-05,Mai 2013,2013,DENV2:III-Asian-American,4
Minas Gerais,MG,2013-05,Mai 2013,2013,DENV3:III,6
Minas Gerais,MG,2013-05,Mai 2013,2013,DENV3:V,5
Minas Gerais,MG,2013-05,Mai 2013,2013,DENV4:II,4
Minas Gerais,MG,2014-11,Nov 2014,2014,DENV2:IV-AsianII,1
Minas Gerais,MG,2014-11,Nov 2014,2014,DENV3:III,1
Minas Gerais,MG,2015-03,Mar 2015,2015,DENV1:V,1
Minas Gerais,MG,2015-03,Mar 2015,2015,DENV2:IV-AsianII,1
Minas Gerais,MG,2015-03,Mar 2015,2015,DENV3:III,1
Minas Gerais,MG,2016-01,Jan 2016,2016,DENV2:III-Asian-American,1
Minas Gerais,MG,2016-02,Fev 2016,2016,DENV1:II,1
Minas Gerais,MG,2016-02,Fev 2016,2016,DENV1:V,1
Minas Gerais,MG,2016-03,Mar 2016,2016,DENV1:V,1
Minas Gerais,MG,2016-03,Mar 2016,2016,DENV2:III-Asian-American,2
Minas Gerais,MG,2017-03,Mar 2017,2017,DENV1:V,1
Minas Gerais,MG,2017-05,Mai 2017,2017,DENV1:V,2
Minas Gerais,MG,2018-03,Mar 2018,2018,DENV1:V,1
Minas Gerais,MG,2018-03,Mar 2018,2018,DENV2:III-Asian-American,1
Minas Gerais,MG,2018-04,Abr 2018,2018,DENV1:V,3
Minas Gerais,MG,2018-04,Abr 2018,2018,DENV2:III-Asian-American,3
Minas Gerais,MG,2018-07,Jul 2018,2018,DENV1:V,1
Minas Gerais,MG,2019-01,Jan 2019,2019,DENV2:III-Asian-American,3
Minas Gerais,MG,2019-02,Fev 2019,2019,DENV2:III-Asian-American,12
Minas Gerais,MG,2019-03,Mar 2019,2019,DENV2:III-Asian-American,10
Minas Gerais,MG,2019-04,Abr 2019,2019,DENV2:III-Asian-American,10
Minas Gerais,MG,2019-05,Mai 2019,2019,DENV2:III-Asian-American,5
Minas Gerais,MG,2019-06,Jun 2019,2019,DENV2:III-Asian-American,1
Minas Gerais,MG,2021-09,Set 2021,2021,DENV1:V,1
Minas Gerais,MG,2022-02,Fev 2022,2022,DENV2:II-Cosmopolitan,2
Minas Gerais,MG,2022-04,Abr 2022,2022,DENV1:V,1
Minas Gerais,MG,2022-04,Abr 2022,2022,DENV2:II-Cosmopolitan,4
Minas Gerais,MG,2022-05,Mai 2022,2022,DENV1:V,5
Minas Gerais,MG,2022-05,Mai 2022,2022,DENV2:II-Cosmopolitan,4
Minas Gerais,MG,2022-06,Jun 2022,2022,DENV1:V,7
Minas Gerais,MG,2022-06,Jun 2022,2022,DENV2:II-Cosmopolitan,4
Minas Gerais,MG,2022-07,Jul 2022,2022,DENV1:V,2
Minas Gerais,MG,2022-09,Set 2022,2022,DENV1:V,1
Minas Gerais,MG,2022-10,Out 2022,2022,DENV1:V,1
Minas Gerais,MG,2022-11,Nov 2022,2022,DENV1:V,3
Minas Gerais,MG,2022-12,Dez 2022,2022,DENV1:V,6
Minas Gerais,MG,2022-12,Dez 2022,2022,DENV2:III-Asian-American,1
Minas Gerais,MG,2023-01,Jan 2023,2023,DENV2:III-Asian-American,5
Minas Gerais,MG,2023-02,Fev 2023,2023,DENV1:V,28
Minas Gerais,MG,2023-02,Fev 2023,2023,DENV2:III-Asian-American,2
Minas Gerais,MG,2023-03,Mar 2023,2023,DENV1:V,2
Minas Gerais,MG,2023-03,Mar 2023,2023,DENV2:II-Cosmopolitan,2
Minas Gerais,MG,2023-03,Mar 2023,2023,DENV2:III-Asian-American,13
Minas Gerais,MG,2023-04,Abr 2023,2023,DENV1:V,7
Minas Gerais,MG,2023-04,Abr 2023,2023,DENV2:II-Cosmopolitan,3
Minas Gerais,MG,2023-04,Abr 2023,2023,DENV2:III-Asian-American,10
Minas Gerais,MG,2023-05,Mai 2023,2023,DENV1:V,15
Minas Gerais,MG,2023-06,Jun 2023,2023,DENV1:V,1
Minas Gerais,MG,2023-06,Jun 2023,2023,DENV2:II-Cosmopolitan,1
Minas Gerais,MG,2023-11,Nov 2023,2023,DENV3:III,1
Minas Gerais,MG,2023-12,Dez 2023,2023,DENV1:V,1
Minas Gerais,MG,2023-12,Dez 2023,2023,DENV2:II-Cosmopolitan,11
Minas Gerais,MG,2024-01,Jan 2024,2024,DENV1:V,1
Minas Gerais,MG,2024-01,Jan 2024,2024,DENV2:II-Cosmopolitan,14
Minas Gerais,MG,2024-01,Jan 2024,2024,DENV3:III,8
Paraná,PR,2016-02,Fev 2016,2016,DENV1:V,1
Paraná,PR,2016-02,Fev 2016,2016,DENV1:desconhecido,2
Paraná,PR,2016-03,Mar 2016,2016,DENV1:V,2
Paraná,PR,2016-03,Mar 2016,2016,DENV1:desconhecido,1
Paraná,PR,2022-01,Jan 2022,2022,DENV1:V,1
Paraná,PR,2022-02,Fev 2022,2022,DENV1:V,8
Paraná,PR,2022-02,Fev 2022,2022,DENV2:II-Cosmopolitan,2
Paraná,PR,2022-03,Mar 2022,2022,DENV1:V,34
Paraná,PR,2022-03,Mar 2022,2022,DENV2:II-Cosmopolitan,27
Paraná,PR,2022-04,Abr 2022,2022,DENV1:V,45
Paraná,PR,2022-04,Abr 2022,2022,DENV2:II-Cosmopolitan,17
Paraná,PR,2022-05,Mai 2022,2022,DENV1:V,22
Paraná,PR,2022-05,Mai 2022,2022,DENV2:II-Cosmopolitan,4
Paraná,PR,2022-06,Jun 2022,2022,DENV1:V,2
Paraná,PR,2023-03,Mar 2023,2023,DENV3:III,1
Paraná,PR,2023-04,Abr 2023,2023,DENV1:V,1
Paraná,PR,2023-05,Mai 2023,2023,DENV1:V,3
Paraná,PR,2023-06,Jun 2023,2023,DENV1:V,16
Paraná,PR,2023-06,Jun 2023,2023,DENV2:III-Asian-American,1
Paraná,PR,2023-07,Jul 2023,2023,DENV1:V,14
Paraná,PR,2023-08,Ago 2023,2023,DENV1:V,12
Paraná,PR,2023-09,Set 2023,2023,DENV1:V,8
Paraná,PR,2023-10,Out 2023,2023,DENV1:V,3
Paraíba,PB,2008-05,Mai 2008,2008,DENV1:V,1
Paraíba,PB,2018-04,Abr 2018,2018,DENV1:V,8
Paraíba,PB,2018-05,Mai 2018,2018,DENV1:V,11
Paraíba,PB,2018-06,Jun 2018,2018,DENV1:V,8
Paraíba,PB,2018-10,Out 2018,2018,DENV1:V,1
Paraíba,PB,2018-11,Nov 2018,2018,DENV1:V,1
Paraíba,PB,2019-03,Mar 2019,2019,DENV1:V,2
Paraíba,PB,2019-05,Mai 2019,2019,DENV1:V,3
Paraíba,PB,2019-06,Jun 2019,2019,DENV1:V,4
Paraíba,PB,2023-03,Mar 2023,2023,DENV1:V,1
Pará,PA,2010-11,Nov 2010,2010,DENV4:II,1
Pará,PA,2011-01,Jan 2011,2011,DENV4:II,3
Pará,PA,2021-03,Mar 2021,2021,DENV1:V,1
Pará,PA,2021-06,Jun 2021,2021,DENV1:V,2
Pará,PA,2021-07,Jul 2021,2021,DENV1:V,2
Pará,PA,2021-08,Ago 2021,2021,DENV1:V,2
Pará,PA,2021-09,Set 2021,2021,DENV1:V,1
Pará,PA,2021-10,Out 2021,2021,DENV1:V,1
Pará,PA,2021-11,Nov 2021,2021,DENV1:V,1
Pará,PA,2021-12,Dez 2021,2021,DENV1:V,2
Pará,PA,2022-03,Mar 2022,2022,DENV1:V,3
Pará,PA,2022-04,Abr 2022,2022,DENV1:V,3
Pará,PA,2022-05,Mai 2022,2022,DENV1:V,2
Pará,PA,2022-06,Jun 2022,2022,DENV1:V,8
Pará,PA,2022-07,Jul 2022,2022,DENV1:V,2
Pará,PA,2022-08,Ago 2022,2022,DENV1:V,1
Pará,PA,2022-09,Set 2022,2022,DENV1:V,1
Pará,PA,2022-10,Out 2022,2022,DENV1:V,5
Pará,PA,2022-11,Nov 2022,2022,DENV1:V,3
Pará,PA,2023-02,Fev 2023,2023,DENV1:V,2
Pará,PA,2023-03,Mar 2023,2023,DENV1:V,1
Pará,PA,2023-04,Abr 2023,2023,DENV1:V,2
Pará,PA,2023-06,Jun 2023,2023,DENV1:V,4
Pará,PA,2023-07,Jul 2023,2023,DENV1:V,2
Pernambuco,PE,2019-03,Mar 2019,2019,DENV1:V,1
Pernambuco,PE,2019-04,Abr 2019,2019,DENV1:V,2
Pernambuco,PE,2019-05,Mai 2019,2019,DENV1:V,4
Pernambuco,PE,2019-05,Mai 2019,2019,DENV2:III-Asian-American,2
Pernambuco,PE,2019-06,Jun 2019,2019,DENV1:V,2
Pernambuco,PE,2019-06,Jun 2019,2019,DENV2:III-Asian-American,1
Pernambuco,PE,2019-07,Jul 2019,2019,DENV1:V,2
Pernambuco,PE,2021-07,Jul 2021,2021,DENV2:II-Cosmopolitan,2
Pernambuco,PE,2022-03,Mar 2022,2022,DENV1:V,1
Pernambuco,PE,2022-04,Abr 2022,2022,DENV1:V,1
Pernambuco,PE,2022-07,Jul 2022,2022,DENV1:V,3
Pernambuco,PE,2023-11,Nov 2023,2023,DENV3:III,1
Piauí,PI,2023-11,Nov 2023,2023,DENV2:II-Cosmopolitan,1
Rio Grande do Sul,RS,2022-01,Jan 2022,2022,DENV2:II-Cosmopolitan,1
Rio Grande do Sul,RS,2022-03,Mar 2022,2022,DENV1:V,23
Rio Grande do Sul,RS,2022-03,Mar 2022,2022,DENV2:II-Cosmopolitan,1
Rio Grande do Sul,RS,2022-03,Mar 2022,2022,DENV2:III-Asian-American,2
Rio Grande do Sul,RS,2022-04,Abr 2022,2022,DENV1:V,29
Rio Grande do Sul,RS,2022-04,Abr 2022,2022,DENV2:II-Cosmopolitan,11
Rio Grande do Sul,RS,2022-04,Abr 2022,2022,DENV2:III-Asian-American,4
Rio Grande do Sul,RS,2022-05,Mai 2022,2022,DENV1:V,22
Rio Grande do Sul,RS,2022-05,Mai 2022,2022,DENV2:II-Cosmopolitan,1
Rio Grande do Sul,RS,2022-11,Nov 2022,2022,DENV2:III-Asian-American,1
Rio Grande do Sul,RS,2023-01,Jan 2023,2023,DENV1:V,2
Rio Grande do Sul,RS,2023-02,Fev 2023,2023,DENV1:V,20
Rio Grande do Sul,RS,2023-02,Fev 2023,2023,DENV2:II-Cosmopolitan,1
Rio Grande do Sul,RS,2023-03,Mar 2023,2023,DENV1:V,71
Rio Grande do Sul,RS,2023-03,Mar 2023,2023,DENV2:II-Cosmopolitan,17
Rio Grande do Sul,RS,2023-06,Jun 2023,2023,DENV1:V,1
Rio Grande do Sul,RS,2023-06,Jun 2023,2023,DENV2:II-Cosmopolitan,1
Rio de Janeiro,RJ,2008-02,Fev 2008,2008,DENV2:III-Asian-American,2
Rio de Janeiro,RJ,2008-03,Mar 2008,2008,DENV2:III-Asian-American,1
Rio de Janeiro,RJ,2008-04,Abr 2008,2008,DENV2:III-Asian-American,3
Rio de Janeiro,RJ,2008-12,Dez 2008,2008,DENV2:III-Asian-American,1
Rio de Janeiro,RJ,2009-03,Mar 2009,2009,DENV2:III-Asian-American,1
Rio de Janeiro,RJ,2009-09,Set 2009,2009,DENV2:III-Asian-American,1
Rio de Janeiro,RJ,2010-01,Jan 2010,2010,DENV2:III-Asian-American,2
Rio de Janeiro,RJ,2010-03,Mar 2010,2010,DENV2:III-Asian-American,2
Rio de Janeiro,RJ,2019-01,Jan 2019,2019,DENV2:III-Asian-American,1
Rio de Janeiro,RJ,2021-06,Jun 2021,2021,DENV1:V,5
Rio de Janeiro,RJ,2021-07,Jul 2021,2021,DENV1:V,3
Rio de Janeiro,RJ,2023-02,Fev 2023,2023,DENV1:V,1
Rio de Janeiro,RJ,2023-02,Fev 2023,2023,DENV2:II-Cosmopolitan,3
Rio de Janeiro,RJ,2023-03,Mar 2023,2023,DENV1:V,15
Rio de Janeiro,RJ,2023-03,Mar 2023,2023,DENV2:II-Cosmopolitan,2
Rio de Janeiro,RJ,2023-03,Mar 2023,2023,DENV2:III-Asian-American,1
Rio de Janeiro,RJ,2023-04,Abr 2023,2023,DENV1:V,6
Rio de Janeiro,RJ,2023-04,Abr 2023,2023,DENV2:III-Asian-American,1
Rio de Janeiro,RJ,2023-08,Ago 2023,2023,DENV1:V,6
Rio de Janeiro,RJ,2023-11,Nov 2023,2023,DENV4:II,1
Rio de Janeiro,RJ,2023-12,Dez 2023,2023,DENV1:desconhecido,1
Rio de Janeiro,RJ,2024-01,Jan 2024,2024,DENV1:V,3
Rio de Janeiro,RJ,2024-01,Jan 2024,2024,DENV1:desconhecido,6
Rio de Janeiro,RJ,2024-01,Jan 2024,2024,DENV2:II-Cosmopolitan,5
Rio de Janeiro,RJ,2024-01,Jan 2024,2024,DENV2:desconhecido,7
Rio de Janeiro,RJ,2024-02,Fev 2024,2024,DENV1:V,21
Rio de Janeiro,RJ,2024-02,Fev 2024,2024,DENV1:desconhecido,5
Rio de Janeiro,RJ,2024-02,Fev 2024,2024,DENV2:II-Cosmopolitan,9
Rio de Janeiro,RJ,2024-02,Fev 2024,2024,DENV2:desconhecido,4
Rondônia,RO,2002-02,Fev 2002,2002,DENV3:V,1
Rondônia,RO,2002-02,Fev 2002,2002,DENV3:desconhecido,2
Rondônia,RO,2002-03,Mar 2002,2002,DENV3:V,1
Rondônia,RO,2002-11,Nov 2002,2002,DENV3:V,1
Rondônia,RO,2023-01,Jan 2023,2023,DENV1:V,1
Rondônia,RO,2023-01,Jan 2023,2023,DENV2:II-Cosmopolitan,3
Rondônia,RO,2023-02,Fev 2023,2023,DENV1:V,6
Rondônia,RO,2023-02,Fev 2023,2023,DENV1:desconhecido,1
Rondônia,RO,2023-02,Fev 2023,2023,DENV2:II-Cosmopolitan,8
Rondônia,RO,2023-03,Mar 2023,2023,DENV1:V,3
Rondônia,RO,2023-03,Mar 2023,2023,DENV2:II-Cosmopolitan,2
Rondônia,RO,2023-04,Abr 2023,2023,DENV2:II-Cosmopolitan,2
Rondônia,RO,2023-05,Mai 2023,2023,DENV1:V,1
Rondônia,RO,2023-05,Mai 2023,2023,DENV2:II-Cosmopolitan,4
Rondônia,RO,2023-06,Jun 2023,2023,DENV2:II-Cosmopolitan,1
Roraima,RR,1982-03,Mar 1982,1982,DENV4:II,1
Roraima,RR,2005-01,Jan 2005,2005,DENV3:III,1
Roraima,RR,2005-06,Jun 2005,2005,DENV3:III,1
Roraima,RR,2006-01,Jan 2006,2006,DENV3:III,1
Roraima,RR,2010-07,Jul 2010,2010,DENV4:II,3
Roraima,RR,2010-08,Ago 2010,2010,DENV4:II,2
Roraima,RR,2010-09,Set 2010,2010,DENV4:II,1
Roraima,RR,2010-11,Nov 2010,2010,DENV4:II,2
Roraima,RR,2023-01,Jan 2023,2023,DENV3:III,2
Roraima,RR,2023-03,Mar 2023,2023,DENV3:III,1
Santa Catarina,SC,2022-03,Mar 2022,2022,DENV2:II-Cosmopolitan,1
Santa Catarina,SC,2023-01,Jan 2023,2023,DENV2:II-Cosmopolitan,1
Santa Catarina,SC,2023-02,Fev 2023,2023,DENV1:V,1
Santa Catarina,SC,2023-03,Mar 2023,2023,DENV1:V,7
Santa Catarina,SC,2023-03,Mar 2023,2023,DENV2:II-Cosmopolitan,2
Santa Catarina,SC,2023-03,Mar 2023,2023,DENV2:desconhecido,1
Santa Catarina,SC,2023-04,Abr 2023,2023,DENV1:V,9
Santa Catarina,SC,2023-04,Abr 2023,2023,DENV2:desconhecido,1
Santa Catarina,SC,2023-05,Mai 2023,2023,DENV1:V,12
Santa Catarina,SC,2023-05,Mai 2023,2023,DENV2:II-Cosmopolitan,3
Santa Catarina,SC,2023-06,Jun 2023,2023,DENV1:V,5
Santa Catarina,SC,2023-10,Out 2023,2023,DENV1:V,1
Santa Catarina,SC,2023-10,Out 2023,2023,DENV3:III,1
Santa Catarina,SC,2023-11,Nov 2023,2023,DENV1:V,7
Santa Catarina,SC,2023-11,Nov 2023,2023,DENV2:II-Cosmopolitan,1
Santa Catarina,SC,2023-12,Dez 2023,2023,DENV1:V,4
Santa Catarina,SC,2023-12,Dez 2023,2023,DENV2:II-Cosmopolitan,2
Sergipe,SE,2022-06,Jun 2022,2022,DENV2:II-Cosmopolitan,10
Sergipe,SE,2022-07,Jul 2022,2022,DENV2:II-Cosmopolitan,3
Sergipe,SE,2023-03,Mar 2023,2023,DENV1:V,1
Sergipe,SE,2023-03,Mar 2023,2023,DENV2:II-Cosmopolitan,2
Sergipe,SE,2023-04,Abr 2023,2023,DENV1:V,2
Sergipe,SE,2023-04,Abr 2023,2023,DENV2:II-Cosmopolitan,2
Sergipe,SE,2023-05,Mai 2023,2023,DENV1:V,1
Sergipe,SE,2023-05,Mai 2023,2023,DENV2:II-Cosmopolitan,1
Sergipe,SE,2023-05,Mai 2023,2023,DENV2:III-Asian-American,1
Sergipe,SE,2023-06,Jun 2023,2023,DENV1:V,2
Sergipe,SE,2023-06,Jun 2023,2023,DENV2:II-Cosmopolitan,3
Sergipe,SE,2023-07,Jul 2023,2023,DENV1:V,1
Sergipe,SE,2023-07,Jul 2023,2023,DENV2:II-Cosmopolitan,6
Sergipe,SE,2023-08,Ago 2023,2023,DENV1:V,1
São Paulo,SP,2010-02,Fev 2010,2010,DENV2:III-Asian-American,23
São Paulo,SP,2010-02,Fev 2010,2010,DENV2:desconhecido,2
São Paulo,SP,2010-03,Mar 2010,2010,DENV2:III-Asian-American,4
São Paulo,SP,2010-04,Abr 2010,2010,DENV2:III-Asian-American,2
São Paulo,SP,2012-03,Mar 2012,2012,DENV1:V,1
São Paulo,SP,2012-06,Jun 2012,2012,DENV4:II,2
São Paulo,SP,2013-01,Jan 2013,2013,DENV1:V,2
São Paulo,SP,2014-10,Out 2014,2014,DENV3:V,1
São Paulo,SP,2015-04,Abr 2015,2015,DENV3:V,1
São Paulo,SP,2016-01,Jan 2016,2016,DENV1:V,1
São Paulo,SP,2016-01,Jan 2016,2016,DENV1:desconhecido,1
São Paulo,SP,2016-01,Jan 2016,2016,DENV2:III-Asian-American,1
São Paulo,SP,2016-02,Fev 2016,2016,DENV1:V,2
São Paulo,SP,2016-02,Fev 2016,2016,DENV2:III-Asian-American,1
São Paulo,SP,2016-03,Mar 2016,2016,DENV2:III-Asian-American,1
São Paulo,SP,2017-05,Mai 2017,2017,DENV1:V,1
São Paulo,SP,2018-02,Fev 2018,2018,DENV2:III-Asian-American,1
São Paulo,SP,2018-04,Abr 2018,2018,DENV2:III-Asian-American,1
São Paulo,SP,2018-10,Out 2018,2018,DENV1:V,1
São Paulo,SP,2018-11,Nov 2018,2018,DENV1:V,2
São Paulo,SP,2019-01,Jan 2019,2019,DENV2:III-Asian-American,4
São Paulo,SP,2019-03,Mar 2019,2019,DENV1:V,2
São Paulo,SP,2019-03,Mar 2019,2019,DENV2:III-Asian-American,1
São Paulo,SP,2019-04,Abr 2019,2019,DENV1:V,1
São Paulo,SP,2019-04,Abr 2019,2019,DENV2:III-Asian-American,6
São Paulo,SP,2019-05,Mai 2019,2019,DENV2:III-Asian-American,1
São Paulo,SP,2019-06,Jun 2019,2019,DENV1:V,1
São Paulo,SP,2019-06,Jun 2019,2019,DENV2:III-Asian-American,2
São Paulo,SP,2019-07,Jul 2019,2019,DENV2:III-Asian-American,2
São Paulo,SP,2019-09,Set 2019,2019,DENV2:III-Asian-American,2
São Paulo,SP,2020-01,Jan 2020,2020,DENV1:V,3
São Paulo,SP,2020-01,Jan 2020,2020,DENV2:III-Asian-American,7
São Paulo,SP,2020-02,Fev 2020,2020,DENV1:V,2
São Paulo,SP,2020-02,Fev 2020,2020,DENV2:III-Asian-American,6
São Paulo,SP,2020-03,Mar 2020,2020,DENV1:V,2
São Paulo,SP,2020-03,Mar 2020,2020,DENV2:III-Asian-American,2
São Paulo,SP,2020-04,Abr 2020,2020,DENV1:V,1
São Paulo,SP,2020-04,Abr 2020,2020,DENV2:III-Asian-American,1
São Paulo,SP,2021-01,Jan 2021,2021,DENV1:V,1
São Paulo,SP,2021-01,Jan 2021,2021,DENV2:III-Asian-American,2
São Paulo,SP,2021-02,Fev 2021,2021,DENV1:V,3
São Paulo,SP,2021-02,Fev 2021,2021,DENV2:III-Asian-American,4
São Paulo,SP,2021-03,Mar 2021,2021,DENV1:V,26
São Paulo,SP,2021-03,Mar 2021,2021,DENV2:III-Asian-American,10
São Paulo,SP,2021-04,Abr 2021,2021,DENV1:V,63
São Paulo,SP,2021-04,Abr 2021,2021,DENV2:III-Asian-American,16
São Paulo,SP,2021-05,Mai 2021,2021,DENV1:V,12
São Paulo,SP,2021-05,Mai 2021,2021,DENV2:III-Asian-American,8
São Paulo,SP,2021-06,Jun 2021,2021,DENV1:V,4
São Paulo,SP,2021-06,Jun 2021,2021,DENV2:III-Asian-American,2
São Paulo,SP,2022-01,Jan 2022,2022,DENV1:V,3
São Paulo,SP,2022-01,Jan 2022,2022,DENV2:II-Cosmopolitan,1
São Paulo,SP,2022-02,Fev 2022,2022,DENV1:V,17
São Paulo,SP,2022-02,Fev 2022,2022,DENV2:II-Cosmopolitan,1
São Paulo,SP,2022-03,Mar 2022,2022,DENV1:V,56
São Paulo,SP,2022-03,Mar 2022,2022,DENV2:II-Cosmopolitan,5
São Paulo,SP,2022-03,Mar 2022,2022,DENV2:III-Asian-American,6
São Paulo,SP,2022-04,Abr 2022,2022,DENV1:V,76
São Paulo,SP,2022-04,Abr 2022,2022,DENV2:II-Cosmopolitan,1
São Paulo,SP,2022-04,Abr 2022,2022,DENV2:III-Asian-American,5
São Paulo,SP,2022-05,Mai 2022,2022,DENV1:V,28
São Paulo,SP,2022-05,Mai 2022,2022,DENV2:III-Asian-American,1
São Paulo,SP,2023-01,Jan 2023,2023,DENV1:V,31
São Paulo,SP,2023-01,Jan 2023,2023,DENV2:II-Cosmopolitan,2
São Paulo,SP,2023-01,Jan 2023,2023,DENV2:III-Asian-American,1
São Paulo,SP,2023-02,Fev 2023,2023,DENV1:V,50
São Paulo,SP,2023-02,Fev 2023,2023,DENV2:II-Cosmopolitan,1
São Paulo,SP,2023-02,Fev 2023,2023,DENV2:III-Asian-American,1
São Paulo,SP,2023-03,Mar 2023,2023,DENV1:V,80
São Paulo,SP,2023-03,Mar 2023,2023,DENV2:II-Cosmopolitan,7
São Paulo,SP,2023-03,Mar 2023,2023,DENV2:III-Asian-American,1
São Paulo,SP,2023-04,Abr 2023,2023,DENV1:V,49
São Paulo,SP,2023-04,Abr 2023,2023,DENV2:II-Cosmopolitan,3
São Paulo,SP,2023-05,Mai 2023,2023,DENV1:V,38
São Paulo,SP,2023-05,Mai 2023,2023,DENV2:II-Cosmopolitan,7
São Paulo,SP,2023-06,Jun 2023,2023,DENV1:V,10
São Paulo,SP,2023-06,Jun 2023,2023,DENV2:II-Cosmopolitan,1
São Paulo,SP,2023-07,Jul 2023,2023,DENV1:V,3
São Paulo,SP,2023-07,Jul 2023,2023,DENV2:II-Cosmopolitan,1
São Paulo,SP,2023-08,Ago 2023,2023,DENV1:V,7
São Paulo,SP,2023-08,Ago 2023,2023,DENV2:II-Cosmopolitan,1
São Paulo,SP,2023-08,Ago 2023,2023,DENV2:III-Asian-American,2
São Paulo,SP,2023-09,Set 2023,2023,DENV1:V,3
São Paulo,SP,2023-09,Set 2023,2023,DENV2:II-Cosmopolitan,1
São Paulo,SP,2023-10,Out 2023,2023,DENV1:V,6
São Paulo,SP,2023-10,Out 2023,2023,DENV2:II-Cosmopolitan,2
São Paulo,SP,2023-11,Nov 2023,2023,DENV1:V,11
São Paulo,SP,2023-11,Nov 2023,2023,DENV2:II-Cosmopolitan,1
São Paulo,SP,2023-11,Nov 2023,2023,DENV3:III,4
São Paulo,SP,2023-12,Dez 2023,2023,DENV1:V,17
São Paulo,SP,2023-12,Dez 2023,2023,DENV2:II-Cosmopolitan,7
São Paulo,SP,2023-12,Dez 2023,2023,DENV3:III,4
São Paulo,SP,2024-01,Jan 2024,2024,DENV1:V,5
São Paulo,SP,2024-01,Jan 2024,2024,DENV3:III,1
Tocantins,TO,2021-06,Jun 2021,2021,DENV2:III-Asian-American,2
Tocantins,TO,2021-11,Nov 2021,2021,DENV1:V,24
Tocantins,TO,2021-12,Dez 2021,2021,DENV1:V,17
Tocantins,TO,2021-12,Dez 2021,2021,DENV2:III-Asian-American,2
Tocantins,TO,2022-01,Jan 2022,2022,DENV1:V,2
Tocantins,TO,2022-02,Fev 2022,2022,DENV1:V,2
Tocantins,TO,2022-03,Mar 2022,2022,DENV1:V,8
Tocantins,TO,2022-06,Jun 2022,2022,DENV1:V,3
Tocantins,TO,2022-07,Jul 2022,2022,DENV1:V,2
Tocantins,TO,2023-03,Mar 2023,2023,DENV1:V,1
Tocantins,TO,2023-03,Mar 2023,2023,DENV2:II-Cosmopolitan,1
Tocantins,TO,2023-04,Abr 2023,2023,DENV1:V,1
Tocantins,TO,2023-05,Mai 2023,2023,DENV1:V,3
Tocantins,TO,2023-06,Jun 2023,2023,DENV1:V,4
Tocantins,TO,2023-06,Jun 2023,2023,DENV2:II-Cosmopolitan,1
