Estado,Ano,Sorotipo,Casos
Acre,2007-06,2.0,1
Acre,2007-06,3.0,1
Acre,2007-06,4.0,1
Acre,2007-06,Sem informação,2355
Acre,2009-06,1.0,10
Acre,2009-06,2.0,7
Acre,2009-06,4.0,5
Acre,2009-06,Sem informação,23050
Acre,2010-06,1.0,57
Acre,2010-06,2.0,22
Acre,2010-06,3.0,1
Acre,2010-06,4.0,2
Acre,2010-06,Sem informação,42136
Acre,2011-06,1.0,20
Acre,2011-06,Sem informação,30627
Acre,2012-06,4.0,2
Acre,2012-06,Sem informação,8605
Acre,2013-06,1.0,3
Acre,2013-06,Sem informação,9429
Acre,2014-06,1.0,4
Acre,2014-06,Sem informação,36795
Acre,2015-06,1.0,4
Acre,2015-06,4.0,1
Acre,2015-06,Sem informação,14326
Acre,2016-06,2.0,22
Acre,2016-06,Sem informação,9225
Acre,2017-06,1.0,1
Acre,2017-06,Sem informação,5282
Acre,2018-06,1.0,1
Acre,2018-06,Sem informação,13016
Acre,2019-06,Sem informação,17215
Acre,2020-06,1.0,1
Acre,2020-06,Sem informação,14679
Acre,2021-06,1.0,29
Acre,2021-06,2.0,66
Acre,2021-06,4.0,1
Acre,2021-06,Sem informação,30690
Acre,2022-06,Sem informação,3610
Acre,2023-06,1.0,64
Acre,2023-06,2.0,122
Acre,2023-06,3.0,1
Acre,2023-06,Sem informação,7561
Acre,2024-06,1.0,45
Acre,2024-06,2.0,29
Acre,2024-06,Sem informação,6351
Alagoas,2007-06,1.0,35
Alagoas,2007-06,2.0,3
Alagoas,2007-06,3.0,11
Alagoas,2007-06,4.0,19
Alagoas,2007-06,Sem informação,12928
Alagoas,2009-06,1.0,2
Alagoas,2009-06,3.0,1
Alagoas,2009-06,Sem informação,6065
Alagoas,2010-06,1.0,52
Alagoas,2010-06,2.0,11
Alagoas,2010-06,Sem informação,54476
Alagoas,2011-06,1.0,11
Alagoas,2011-06,2.0,2
Alagoas,2011-06,Sem informação,11524
Alagoas,2012-06,1.0,9
Alagoas,2012-06,4.0,9
Alagoas,2012-06,Sem informação,33654
Alagoas,2013-06,1.0,8
Alagoas,2013-06,4.0,1
Alagoas,2013-06,Sem informação,15869
Alagoas,2014-06,1.0,4
Alagoas,2014-06,4.0,1
Alagoas,2014-06,Sem informação,16424
Alagoas,2015-06,1.0,8
Alagoas,2015-06,4.0,10
Alagoas,2015-06,Sem informação,33937
Alagoas,2016-06,1.0,1
Alagoas,2016-06,Sem informação,24715
Alagoas,2017-06,Sem informação,3614
Alagoas,2018-06,1.0,3
Alagoas,2018-06,Sem informação,2971
Alagoas,2019-06,1.0,32
Alagoas,2019-06,2.0,2
Alagoas,2019-06,Sem informação,27399
Alagoas,2020-06,1.0,7
Alagoas,2020-06,Sem informação,3632
Alagoas,2021-06,1.0,12
Alagoas,2021-06,Sem informação,9966
Alagoas,2022-06,1.0,45
Alagoas,2022-06,2.0,1
Alagoas,2022-06,Sem informação,33677
Alagoas,2023-06,1.0,28
Alagoas,2023-06,2.0,5
Alagoas,2023-06,Sem informação,4755
Alagoas,2024-06,1.0,34
Alagoas,2024-06,2.0,7
Alagoas,2024-06,4.0,2
Alagoas,2024-06,Sem informação,3254
Amapá,2007-06,1.0,8
Amapá,2007-06,Sem informação,5688
Amapá,2009-06,1.0,1
Amapá,2009-06,Sem informação,3050
Amapá,2010-06,1.0,21
Amapá,2010-06,4.0,5
Amapá,2010-06,Sem informação,4441
Amapá,2011-06,1.0,3
Amapá,2011-06,2.0,1
Amapá,2011-06,4.0,1
Amapá,2011-06,Sem informação,4245
Amapá,2012-06,1.0,3
Amapá,2012-06,4.0,25
Amapá,2012-06,Sem informação,2338
Amapá,2013-06,1.0,10
Amapá,2013-06,4.0,2
Amapá,2013-06,Sem informação,2380
Amapá,2014-06,1.0,3
Amapá,2014-06,Sem informação,2601
Amapá,2015-06,1.0,240
Amapá,2015-06,2.0,1
Amapá,2015-06,Sem informação,4193
Amapá,2016-06,1.0,2
Amapá,2016-06,Sem informação,3551
Amapá,2017-06,Sem informação,1469
Amapá,2018-06,Sem informação,1422
Amapá,2019-06,1.0,1
Amapá,2019-06,Sem informação,914
Amapá,2020-06,Sem informação,237
Amapá,2021-06,Sem informação,1063
Amapá,2022-06,1.0,2
Amapá,2022-06,Sem informação,288
Amapá,2023-06,1.0,66
Amapá,2023-06,2.0,2
Amapá,2023-06,3.0,1
Amapá,2023-06,4.0,2
Amapá,2023-06,Sem informação,1151
Amapá,2024-06,1.0,29
Amapá,2024-06,2.0,30
Amapá,2024-06,3.0,37
Amapá,2024-06,4.0,1
Amapá,2024-06,Sem informação,3534
Amazonas,2007-06,1.0,11
Amazonas,2007-06,2.0,5
Amazonas,2007-06,3.0,36
Amazonas,2007-06,4.0,2
Amazonas,2007-06,Sem informação,3845
Amazonas,2009-06,1.0,1
Amazonas,2009-06,2.0,2
Amazonas,2009-06,Sem informação,2991
Amazonas,2010-06,1.0,41
Amazonas,2010-06,2.0,7
Amazonas,2010-06,4.0,6
Amazonas,2010-06,Sem informação,9696
Amazonas,2011-06,1.0,153
Amazonas,2011-06,2.0,130
Amazonas,2011-06,3.0,22
Amazonas,2011-06,4.0,83
Amazonas,2011-06,Sem informação,67738
Amazonas,2012-06,1.0,14
Amazonas,2012-06,4.0,5
Amazonas,2012-06,Sem informação,8771
Amazonas,2013-06,1.0,42
Amazonas,2013-06,2.0,1
Amazonas,2013-06,3.0,4
Amazonas,2013-06,4.0,82
Amazonas,2013-06,Sem informação,24429
Amazonas,2014-06,1.0,14
Amazonas,2014-06,4.0,42
Amazonas,2014-06,Sem informação,10957
Amazonas,2015-06,1.0,3
Amazonas,2015-06,4.0,9
Amazonas,2015-06,Sem informação,7824
Amazonas,2016-06,1.0,1
Amazonas,2016-06,3.0,3
Amazonas,2016-06,4.0,4
Amazonas,2016-06,Sem informação,15309
Amazonas,2017-06,1.0,26
Amazonas,2017-06,2.0,1
Amazonas,2017-06,Sem informação,8284
Amazonas,2018-06,1.0,2
Amazonas,2018-06,Sem informação,4685
Amazonas,2019-06,1.0,43
Amazonas,2019-06,2.0,3
Amazonas,2019-06,Sem informação,7694
Amazonas,2020-06,1.0,21
Amazonas,2020-06,2.0,1
Amazonas,2020-06,Sem informação,10484
Amazonas,2021-06,1.0,62
Amazonas,2021-06,2.0,3
Amazonas,2021-06,Sem informação,14807
Amazonas,2022-06,1.0,208
Amazonas,2022-06,2.0,38
Amazonas,2022-06,Sem informação,5116
Amazonas,2023-06,1.0,98
Amazonas,2023-06,2.0,520
Amazonas,2023-06,3.0,1
Amazonas,2023-06,Sem informação,5741
Amazonas,2024-06,1.0,11
Amazonas,2024-06,2.0,263
Amazonas,2024-06,Sem informação,8839
Bahia,2007-06,1.0,35
Bahia,2007-06,2.0,4
Bahia,2007-06,3.0,23
Bahia,2007-06,4.0,2
Bahia,2007-06,Sem informação,14734
Bahia,2009-06,1.0,96
Bahia,2009-06,2.0,109
Bahia,2009-06,3.0,6
Bahia,2009-06,4.0,10
Bahia,2009-06,Sem informação,123432
Bahia,2010-06,1.0,404
Bahia,2010-06,2.0,187
Bahia,2010-06,3.0,8
Bahia,2010-06,4.0,33
Bahia,2010-06,Sem informação,61529
Bahia,2011-06,1.0,396
Bahia,2011-06,2.0,40
Bahia,2011-06,3.0,1
Bahia,2011-06,4.0,94
Bahia,2011-06,Sem informação,56758
Bahia,2012-06,1.0,233
Bahia,2012-06,2.0,10
Bahia,2012-06,3.0,1
Bahia,2012-06,4.0,243
Bahia,2012-06,Sem informação,74249
Bahia,2013-06,1.0,238
Bahia,2013-06,2.0,8
Bahia,2013-06,3.0,5
Bahia,2013-06,4.0,159
Bahia,2013-06,Sem informação,85922
Bahia,2014-06,1.0,43
Bahia,2014-06,2.0,4
Bahia,2014-06,4.0,293
Bahia,2014-06,Sem informação,24567
Bahia,2015-06,1.0,63
Bahia,2015-06,2.0,2
Bahia,2015-06,4.0,4
Bahia,2015-06,Sem informação,79263
Bahia,2016-06,1.0,37
Bahia,2016-06,2.0,1
Bahia,2016-06,3.0,2
Bahia,2016-06,4.0,3
Bahia,2016-06,Sem informação,83397
Bahia,2017-06,1.0,17
Bahia,2017-06,2.0,4
Bahia,2017-06,4.0,6
Bahia,2017-06,Sem informação,15441
Bahia,2018-06,1.0,64
Bahia,2018-06,2.0,8
Bahia,2018-06,Sem informação,14103
Bahia,2019-06,1.0,290
Bahia,2019-06,2.0,59
Bahia,2019-06,4.0,2
Bahia,2019-06,Sem informação,84465
Bahia,2020-06,1.0,216
Bahia,2020-06,2.0,11
Bahia,2020-06,4.0,4
Bahia,2020-06,Sem informação,106981
Bahia,2021-06,1.0,30
Bahia,2021-06,3.0,2
Bahia,2021-06,Sem informação,36796
Bahia,2022-06,1.0,120
Bahia,2022-06,2.0,24
Bahia,2022-06,4.0,1
Bahia,2022-06,Sem informação,35611
Bahia,2023-06,1.0,896
Bahia,2023-06,2.0,1100
Bahia,2023-06,3.0,1
Bahia,2023-06,Sem informação,45486
Bahia,2024-06,1.0,747
Bahia,2024-06,2.0,892
Bahia,2024-06,4.0,3
Bahia,2024-06,Sem informação,113720
Ceará,2007-06,1.0,318
Ceará,2007-06,2.0,43
Ceará,2007-06,3.0,4
Ceará,2007-06,4.0,13
Ceará,2007-06,Sem informação,50999
Ceará,2009-06,1.0,7
Ceará,2009-06,2.0,1
Ceará,2009-06,4.0,3
Ceará,2009-06,Sem informação,20601
Ceará,2010-06,1.0,84
Ceará,2010-06,2.0,19
Ceará,2010-06,3.0,1
Ceará,2010-06,4.0,5
Ceará,2010-06,Sem informação,34755
Ceará,2011-06,1.0,204
Ceará,2011-06,2.0,7
Ceará,2011-06,3.0,2
Ceará,2011-06,4.0,8
Ceará,2011-06,Sem informação,91102
Ceará,2012-06,1.0,27
Ceará,2012-06,4.0,44
Ceará,2012-06,Sem informação,72700
Ceará,2013-06,1.0,30
Ceará,2013-06,2.0,2
Ceará,2013-06,3.0,2
Ceará,2013-06,4.0,39
Ceará,2013-06,Sem informação,56401
Ceará,2014-06,1.0,56
Ceará,2014-06,3.0,3
Ceará,2014-06,4.0,23
Ceará,2014-06,Sem informação,41827
Ceará,2015-06,1.0,270
Ceará,2015-06,3.0,2
Ceará,2015-06,4.0,5
Ceará,2015-06,Sem informação,105609
Ceará,2016-06,1.0,29
Ceará,2016-06,Sem informação,100587
Ceará,2017-06,1.0,7
Ceará,2017-06,Sem informação,81355
Ceará,2018-06,1.0,12
Ceará,2018-06,Sem informação,15188
Ceará,2019-06,1.0,65
Ceará,2019-06,2.0,32
Ceará,2019-06,Sem informação,33263
Ceará,2020-06,1.0,21
Ceará,2020-06,2.0,45
Ceará,2020-06,Sem informação,40825
Ceará,2021-06,1.0,6
Ceará,2021-06,2.0,320
Ceará,2021-06,Sem informação,68935
Ceará,2022-06,1.0,54
Ceará,2022-06,2.0,99
Ceará,2022-06,Sem informação,42597
Ceará,2023-06,1.0,149
Ceará,2023-06,2.0,5
Ceará,2023-06,4.0,1
Ceará,2023-06,Sem informação,14321
Ceará,2024-06,1.0,6
Ceará,2024-06,2.0,4
Ceará,2024-06,Sem informação,7077
Distrito Federal,2007-06,1.0,10
Distrito Federal,2007-06,2.0,2
Distrito Federal,2007-06,3.0,9
Distrito Federal,2007-06,4.0,3
Distrito Federal,2007-06,Sem informação,2357
Distrito Federal,2009-06,1.0,2
Distrito Federal,2009-06,4.0,1
Distrito Federal,2009-06,Sem informação,1939
Distrito Federal,2010-06,1.0,44
Distrito Federal,2010-06,2.0,3
Distrito Federal,2010-06,3.0,3
Distrito Federal,2010-06,4.0,3
Distrito Federal,2010-06,Sem informação,20469
Distrito Federal,2011-06,1.0,4
Distrito Federal,2011-06,Sem informação,6945
Distrito Federal,2012-06,1.0,8
Distrito Federal,2012-06,4.0,5
Distrito Federal,2012-06,Sem informação,3803
Distrito Federal,2013-06,1.0,123
Distrito Federal,2013-06,4.0,20
Distrito Federal,2013-06,Sem informação,26582
Distrito Federal,2014-06,1.0,85
Distrito Federal,2014-06,2.0,1
Distrito Federal,2014-06,4.0,1
Distrito Federal,2014-06,Sem informação,19986
Distrito Federal,2015-06,1.0,74
Distrito Federal,2015-06,2.0,1
Distrito Federal,2015-06,3.0,2
Distrito Federal,2015-06,Sem informação,12904
Distrito Federal,2016-06,1.0,94
Distrito Federal,2016-06,2.0,26
Distrito Federal,2016-06,3.0,3
Distrito Federal,2016-06,4.0,4
Distrito Federal,2016-06,Sem informação,23900
Distrito Federal,2017-06,1.0,8
Distrito Federal,2017-06,2.0,24
Distrito Federal,2017-06,Sem informação,6460
Distrito Federal,2018-06,1.0,9
Distrito Federal,2018-06,Sem informação,4132
Distrito Federal,2019-06,1.0,295
Distrito Federal,2019-06,2.0,508
Distrito Federal,2019-06,4.0,1
Distrito Federal,2019-06,Sem informação,45446
Distrito Federal,2020-06,1.0,459
Distrito Federal,2020-06,2.0,23
Distrito Federal,2020-06,4.0,3
Distrito Federal,2020-06,Sem informação,64052
Distrito Federal,2021-06,1.0,56
Distrito Federal,2021-06,Sem informação,25410
Distrito Federal,2022-06,1.0,670
Distrito Federal,2022-06,2.0,1
Distrito Federal,2022-06,4.0,1
Distrito Federal,2022-06,Sem informação,72024
Distrito Federal,2023-06,1.0,154
Distrito Federal,2023-06,2.0,604
Distrito Federal,2023-06,3.0,2
Distrito Federal,2023-06,Sem informação,41464
Distrito Federal,2024-06,1.0,987
Distrito Federal,2024-06,2.0,9118
Distrito Federal,2024-06,3.0,5
Distrito Federal,2024-06,Sem informação,197208
Espírito Santo,2007-06,1.0,13
Espírito Santo,2007-06,2.0,1
Espírito Santo,2007-06,3.0,12
Espírito Santo,2007-06,Sem informação,10382
Espírito Santo,2009-06,1.0,15
Espírito Santo,2009-06,2.0,8
Espírito Santo,2009-06,3.0,1
Espírito Santo,2009-06,4.0,1
Espírito Santo,2009-06,Sem informação,51713
Espírito Santo,2010-06,1.0,78
Espírito Santo,2010-06,2.0,42
Espírito Santo,2010-06,3.0,2
Espírito Santo,2010-06,4.0,3
Espírito Santo,2010-06,Sem informação,42034
Espírito Santo,2011-06,1.0,501
Espírito Santo,2011-06,2.0,47
Espírito Santo,2011-06,3.0,6
Espírito Santo,2011-06,4.0,4
Espírito Santo,2011-06,Sem informação,54743
Espírito Santo,2012-06,1.0,107
Espírito Santo,2012-06,2.0,8
Espírito Santo,2012-06,4.0,78
Espírito Santo,2012-06,Sem informação,23827
Espírito Santo,2013-06,1.0,42
Espírito Santo,2013-06,4.0,162
Espírito Santo,2013-06,Sem informação,84119
Espírito Santo,2014-06,1.0,35
Espírito Santo,2014-06,3.0,1
Espírito Santo,2014-06,4.0,12
Espírito Santo,2014-06,Sem informação,25631
Espírito Santo,2015-06,1.0,122
Espírito Santo,2015-06,4.0,9
Espírito Santo,2015-06,Sem informação,44878
Espírito Santo,2016-06,1.0,38
Espírito Santo,2016-06,Sem informação,54955
Espírito Santo,2017-06,1.0,7
Espírito Santo,2017-06,Sem informação,12339
Espírito Santo,2018-06,1.0,11
Espírito Santo,2018-06,2.0,34
Espírito Santo,2018-06,Sem informação,17340
Espírito Santo,2019-06,1.0,18
Espírito Santo,2019-06,2.0,124
Espírito Santo,2019-06,Sem informação,81241
Espírito Santo,2020-06,1.0,1
Espírito Santo,2020-06,2.0,7
Espírito Santo,2020-06,Sem informação,7533
Goiás,2007-06,1.0,40
Goiás,2007-06,2.0,2
Goiás,2007-06,3.0,52
Goiás,2007-06,Sem informação,18309
Goiás,2009-06,1.0,419
Goiás,2009-06,2.0,64
Goiás,2009-06,3.0,45
Goiás,2009-06,4.0,10
Goiás,2009-06,Sem informação,50045
Goiás,2010-06,1.0,552
Goiás,2010-06,2.0,23
Goiás,2010-06,3.0,14
Goiás,2010-06,4.0,9
Goiás,2010-06,Sem informação,115981
Goiás,2011-06,1.0,211
Goiás,2011-06,2.0,6
Goiás,2011-06,4.0,6
Goiás,2011-06,Sem informação,45035
Goiás,2012-06,1.0,201
Goiás,2012-06,2.0,2
Goiás,2012-06,4.0,96
Goiás,2012-06,Sem informação,33528
Goiás,2013-06,1.0,217
Goiás,2013-06,2.0,3
Goiás,2013-06,3.0,2
Goiás,2013-06,4.0,196
Goiás,2013-06,Sem informação,161128
Goiás,2014-06,1.0,294
Goiás,2014-06,2.0,3
Goiás,2014-06,4.0,56
Goiás,2014-06,Sem informação,121892
Goiás,2015-06,1.0,740
Goiás,2015-06,2.0,3
Goiás,2015-06,3.0,2
Goiás,2015-06,4.0,89
Goiás,2015-06,Sem informação,199620
Goiás,2016-06,1.0,157
Goiás,2016-06,2.0,12
Goiás,2016-06,3.0,2
Goiás,2016-06,4.0,27
Goiás,2016-06,Sem informação,157187
Goiás,2017-06,1.0,40
Goiás,2017-06,2.0,148
Goiás,2017-06,3.0,1
Goiás,2017-06,4.0,10
Goiás,2017-06,Sem informação,81002
Goiás,2018-06,1.0,22
Goiás,2018-06,2.0,135
Goiás,2018-06,4.0,5
Goiás,2018-06,Sem informação,110144
Goiás,2019-06,1.0,56
Goiás,2019-06,2.0,495
Goiás,2019-06,4.0,1
Goiás,2019-06,Sem informação,150605
Goiás,2020-06,1.0,70
Goiás,2020-06,2.0,137
Goiás,2020-06,4.0,1
Goiás,2020-06,Sem informação,82630
Goiás,2021-06,1.0,257
Goiás,2021-06,2.0,22
Goiás,2021-06,4.0,5
Goiás,2021-06,Sem informação,83675
Goiás,2022-06,1.0,463
Goiás,2022-06,2.0,17
Goiás,2022-06,4.0,7
Goiás,2022-06,Sem informação,206418
Goiás,2023-06,1.0,256
Goiás,2023-06,2.0,22
Goiás,2023-06,3.0,1
Goiás,2023-06,4.0,2
Goiás,2023-06,Sem informação,70496
Goiás,2024-06,1.0,608
Goiás,2024-06,2.0,929
Goiás,2024-06,4.0,3
Goiás,2024-06,Sem informação,146269
Maranhão,2007-06,1.0,34
Maranhão,2007-06,2.0,15
Maranhão,2007-06,3.0,3
Maranhão,2007-06,4.0,3
Maranhão,2007-06,Sem informação,15847
Maranhão,2009-06,1.0,9
Maranhão,2009-06,3.0,1
Maranhão,2009-06,Sem informação,3844
Maranhão,2010-06,1.0,51
Maranhão,2010-06,2.0,1
Maranhão,2010-06,4.0,3
Maranhão,2010-06,Sem informação,6691
Maranhão,2011-06,1.0,67
Maranhão,2011-06,2.0,1
Maranhão,2011-06,4.0,6
Maranhão,2011-06,Sem informação,14221
Maranhão,2012-06,1.0,2
Maranhão,2012-06,4.0,1
Maranhão,2012-06,Sem informação,6650
Maranhão,2013-06,1.0,15
Maranhão,2013-06,4.0,2
Maranhão,2013-06,Sem informação,4517
Maranhão,2014-06,1.0,24
Maranhão,2014-06,2.0,1
Maranhão,2014-06,3.0,1
Maranhão,2014-06,4.0,3
Maranhão,2014-06,Sem informação,3527
Maranhão,2015-06,1.0,18
Maranhão,2015-06,2.0,2
Maranhão,2015-06,3.0,1
Maranhão,2015-06,Sem informação,9690
Maranhão,2016-06,1.0,17
Maranhão,2016-06,4.0,8
Maranhão,2016-06,Sem informação,29868
Maranhão,2017-06,1.0,6
Maranhão,2017-06,Sem informação,8942
Maranhão,2018-06,1.0,1
Maranhão,2018-06,2.0,1
Maranhão,2018-06,Sem informação,2743
Maranhão,2019-06,1.0,10
Maranhão,2019-06,2.0,6
Maranhão,2019-06,4.0,1
Maranhão,2019-06,Sem informação,6645
Maranhão,2020-06,1.0,2
Maranhão,2020-06,Sem informação,3219
Maranhão,2021-06,1.0,16
Maranhão,2021-06,Sem informação,1711
Maranhão,2022-06,1.0,233
Maranhão,2022-06,2.0,8
Maranhão,2022-06,4.0,3
Maranhão,2022-06,Sem informação,6608
Maranhão,2023-06,1.0,146
Maranhão,2023-06,2.0,10
Maranhão,2023-06,4.0,1
Maranhão,2023-06,Sem informação,4652
Maranhão,2024-06,1.0,23
Maranhão,2024-06,2.0,43
Maranhão,2024-06,3.0,2
Maranhão,2024-06,Sem informação,6547
Mato Grosso,2007-06,1.0,132
Mato Grosso,2007-06,2.0,1
Mato Grosso,2007-06,3.0,2
Mato Grosso,2007-06,4.0,25
Mato Grosso,2007-06,Sem informação,20841
Mato Grosso,2009-06,1.0,121
Mato Grosso,2009-06,2.0,10
Mato Grosso,2009-06,3.0,1
Mato Grosso,2009-06,4.0,5
Mato Grosso,2009-06,Sem informação,63323
Mato Grosso,2010-06,1.0,110
Mato Grosso,2010-06,2.0,5
Mato Grosso,2010-06,3.0,1
Mato Grosso,2010-06,4.0,6
Mato Grosso,2010-06,Sem informação,45496
Mato Grosso,2011-06,1.0,10
Mato Grosso,2011-06,2.0,2
Mato Grosso,2011-06,4.0,1
Mato Grosso,2011-06,Sem informação,10842
Mato Grosso,2012-06,1.0,44
Mato Grosso,2012-06,3.0,1
Mato Grosso,2012-06,4.0,138
Mato Grosso,2012-06,Sem informação,43492
Mato Grosso,2013-06,1.0,16
Mato Grosso,2013-06,2.0,2
Mato Grosso,2013-06,4.0,36
Mato Grosso,2013-06,Sem informação,46027
Mato Grosso,2014-06,1.0,13
Mato Grosso,2014-06,4.0,1
Mato Grosso,2014-06,Sem informação,11845
Mato Grosso,2015-06,1.0,52
Mato Grosso,2015-06,4.0,2
Mato Grosso,2015-06,Sem informação,32165
Mato Grosso,2016-06,1.0,127
Mato Grosso,2016-06,2.0,2
Mato Grosso,2016-06,4.0,1
Mato Grosso,2016-06,Sem informação,31077
Mato Grosso,2017-06,1.0,6
Mato Grosso,2017-06,2.0,2
Mato Grosso,2017-06,Sem informação,12285
Mato Grosso,2018-06,1.0,37
Mato Grosso,2018-06,2.0,1
Mato Grosso,2018-06,4.0,1
Mato Grosso,2018-06,Sem informação,10114
Mato Grosso,2019-06,1.0,69
Mato Grosso,2019-06,2.0,36
Mato Grosso,2019-06,4.0,19
Mato Grosso,2019-06,Sem informação,17966
Mato Grosso,2020-06,1.0,160
Mato Grosso,2020-06,2.0,54
Mato Grosso,2020-06,4.0,2
Mato Grosso,2020-06,Sem informação,47122
Mato Grosso,2021-06,1.0,144
Mato Grosso,2021-06,2.0,23
Mato Grosso,2021-06,4.0,2
Mato Grosso,2021-06,Sem informação,33993
Mato Grosso,2022-06,1.0,155
Mato Grosso,2022-06,2.0,5
Mato Grosso,2022-06,Sem informação,35221
Mato Grosso,2023-06,1.0,241
Mato Grosso,2023-06,2.0,14
Mato Grosso,2023-06,4.0,1
Mato Grosso,2023-06,Sem informação,28341
Mato Grosso,2024-06,1.0,92
Mato Grosso,2024-06,2.0,76
Mato Grosso,2024-06,Sem informação,17115
Mato Grosso do Sul,2007-06,1.0,101
Mato Grosso do Sul,2007-06,3.0,115
Mato Grosso do Sul,2007-06,4.0,2
Mato Grosso do Sul,2007-06,Sem informação,75446
Mato Grosso do Sul,2009-06,1.0,39
Mato Grosso do Sul,2009-06,2.0,23
Mato Grosso do Sul,2009-06,3.0,2
Mato Grosso do Sul,2009-06,4.0,3
Mato Grosso do Sul,2009-06,Sem informação,21072
Mato Grosso do Sul,2010-06,1.0,640
Mato Grosso do Sul,2010-06,2.0,50
Mato Grosso do Sul,2010-06,3.0,2
Mato Grosso do Sul,2010-06,4.0,3
Mato Grosso do Sul,2010-06,Sem informação,86023
Mato Grosso do Sul,2011-06,1.0,160
Mato Grosso do Sul,2011-06,4.0,1
Mato Grosso do Sul,2011-06,Sem informação,16217
Mato Grosso do Sul,2012-06,1.0,44
Mato Grosso do Sul,2012-06,2.0,56
Mato Grosso do Sul,2012-06,4.0,30
Mato Grosso do Sul,2012-06,Sem informação,18109
Mato Grosso do Sul,2013-06,1.0,279
Mato Grosso do Sul,2013-06,2.0,48
Mato Grosso do Sul,2013-06,3.0,1
Mato Grosso do Sul,2013-06,4.0,178
Mato Grosso do Sul,2013-06,Sem informação,99362
Mato Grosso do Sul,2014-06,1.0,28
Mato Grosso do Sul,2014-06,2.0,2
Mato Grosso do Sul,2014-06,4.0,36
Mato Grosso do Sul,2014-06,Sem informação,9539
Mato Grosso do Sul,2015-06,1.0,424
Mato Grosso do Sul,2015-06,2.0,23
Mato Grosso do Sul,2015-06,4.0,10
Mato Grosso do Sul,2015-06,Sem informação,47231
Mato Grosso do Sul,2016-06,1.0,182
Mato Grosso do Sul,2016-06,2.0,1
Mato Grosso do Sul,2016-06,Sem informação,60735
Mato Grosso do Sul,2017-06,1.0,26
Mato Grosso do Sul,2017-06,Sem informação,7195
Mato Grosso do Sul,2018-06,1.0,6
Mato Grosso do Sul,2018-06,2.0,48
Mato Grosso do Sul,2018-06,4.0,1
Mato Grosso do Sul,2018-06,Sem informação,10655
Mato Grosso do Sul,2019-06,1.0,22
Mato Grosso do Sul,2019-06,2.0,520
Mato Grosso do Sul,2019-06,3.0,1
Mato Grosso do Sul,2019-06,Sem informação,84720
Mato Grosso do Sul,2020-06,1.0,27
Mato Grosso do Sul,2020-06,2.0,1064
Mato Grosso do Sul,2020-06,4.0,3
Mato Grosso do Sul,2020-06,Sem informação,72046
Mato Grosso do Sul,2021-06,1.0,29
Mato Grosso do Sul,2021-06,2.0,355
Mato Grosso do Sul,2021-06,4.0,1
Mato Grosso do Sul,2021-06,Sem informação,24953
Mato Grosso do Sul,2022-06,1.0,3243
Mato Grosso do Sul,2022-06,2.0,5
Mato Grosso do Sul,2022-06,Sem informação,23109
Mato Grosso do Sul,2023-06,1.0,7135
Mato Grosso do Sul,2023-06,2.0,236
Mato Grosso do Sul,2023-06,Sem informação,37749
Mato Grosso do Sul,2024-06,1.0,1655
Mato Grosso do Sul,2024-06,2.0,299
Mato Grosso do Sul,2024-06,3.0,1
Mato Grosso do Sul,2024-06,4.0,2
Mato Grosso do Sul,2024-06,Sem informação,10963
Minas Gerais,2007-06,1.0,206
Minas Gerais,2007-06,2.0,2
Minas Gerais,2007-06,3.0,88
Minas Gerais,2007-06,4.0,32
Minas Gerais,2007-06,Sem informação,43795
Minas Gerais,2009-06,1.0,264
Minas Gerais,2009-06,2.0,57
Minas Gerais,2009-06,3.0,52
Minas Gerais,2009-06,4.0,2
Minas Gerais,2009-06,Sem informação,82716
Minas Gerais,2010-06,1.0,1094
Minas Gerais,2010-06,2.0,50
Minas Gerais,2010-06,3.0,18
Minas Gerais,2010-06,4.0,12
Minas Gerais,2010-06,Sem informação,265544
Minas Gerais,2011-06,1.0,123
Minas Gerais,2011-06,2.0,3
Minas Gerais,2011-06,4.0,3
Minas Gerais,2011-06,Sem informação,66943
Minas Gerais,2012-06,1.0,109
Minas Gerais,2012-06,2.0,1
Minas Gerais,2012-06,4.0,20
Minas Gerais,2012-06,Sem informação,50798
Minas Gerais,2013-06,1.0,621
Minas Gerais,2013-06,2.0,2
Minas Gerais,2013-06,4.0,143
Minas Gerais,2013-06,Sem informação,503512
Minas Gerais,2014-06,1.0,255
Minas Gerais,2014-06,2.0,1
Minas Gerais,2014-06,4.0,8
Minas Gerais,2014-06,Sem informação,93681
Minas Gerais,2015-06,1.0,653
Minas Gerais,2015-06,2.0,4
Minas Gerais,2015-06,3.0,2
Minas Gerais,2015-06,4.0,8
Minas Gerais,2015-06,Sem informação,257685
Minas Gerais,2016-06,1.0,506
Minas Gerais,2016-06,2.0,6
Minas Gerais,2016-06,3.0,2
Minas Gerais,2016-06,4.0,6
Minas Gerais,2016-06,Sem informação,666395
Minas Gerais,2017-06,1.0,36
Minas Gerais,2017-06,2.0,2
Minas Gerais,2017-06,Sem informação,61498
Minas Gerais,2018-06,1.0,33
Minas Gerais,2018-06,2.0,24
Minas Gerais,2018-06,4.0,1
Minas Gerais,2018-06,Sem informação,59312
Minas Gerais,2019-06,1.0,153
Minas Gerais,2019-06,2.0,480
Minas Gerais,2019-06,3.0,4
Minas Gerais,2019-06,4.0,12
Minas Gerais,2019-06,Sem informação,616671
Minas Gerais,2020-06,1.0,127
Minas Gerais,2020-06,2.0,134
Minas Gerais,2020-06,4.0,1
Minas Gerais,2020-06,Sem informação,147730
Minas Gerais,2021-06,1.0,20
Minas Gerais,2021-06,2.0,6
Minas Gerais,2021-06,4.0,1
Minas Gerais,2021-06,Sem informação,52485
Minas Gerais,2022-06,1.0,830
Minas Gerais,2022-06,2.0,25
Minas Gerais,2022-06,4.0,1
Minas Gerais,2022-06,Sem informação,88244
Minas Gerais,2023-06,1.0,5951
Minas Gerais,2023-06,2.0,148
Minas Gerais,2023-06,3.0,1
Minas Gerais,2023-06,4.0,7
Minas Gerais,2023-06,Sem informação,400692
Minas Gerais,2024-06,1.0,19670
Minas Gerais,2024-06,2.0,693
Minas Gerais,2024-06,3.0,94
Minas Gerais,2024-06,4.0,7
Minas Gerais,2024-06,Sem informação,918548
Paraná,2007-06,1.0,79
Paraná,2007-06,3.0,56
Paraná,2007-06,4.0,11
Paraná,2007-06,Sem informação,51441
Paraná,2009-06,1.0,3
Paraná,2009-06,2.0,2
Paraná,2009-06,4.0,3
Paraná,2009-06,Sem informação,10830
Paraná,2010-06,1.0,291
Paraná,2010-06,2.0,27
Paraná,2010-06,4.0,27
Paraná,2010-06,Sem informação,67026
Paraná,2011-06,1.0,153
Paraná,2011-06,2.0,10
Paraná,2011-06,4.0,1
Paraná,2011-06,Sem informação,67729
Paraná,2012-06,1.0,71
Paraná,2012-06,2.0,1
Paraná,2012-06,4.0,4
Paraná,2012-06,Sem informação,17889
Paraná,2013-06,1.0,326
Paraná,2013-06,2.0,1
Paraná,2013-06,4.0,79
Paraná,2013-06,Sem informação,112640
Paraná,2014-06,1.0,239
Paraná,2014-06,2.0,1
Paraná,2014-06,4.0,4
Paraná,2014-06,Sem informação,56012
Paraná,2015-06,1.0,371
Paraná,2015-06,2.0,2
Paraná,2015-06,4.0,18
Paraná,2015-06,Sem informação,97689
Paraná,2016-06,1.0,1846
Paraná,2016-06,2.0,5
Paraná,2016-06,3.0,27
Paraná,2016-06,4.0,6
Paraná,2016-06,Sem informação,134524
Paraná,2017-06,1.0,4
Paraná,2017-06,2.0,1
Paraná,2017-06,4.0,1
Paraná,2017-06,Sem informação,26952
Paraná,2018-06,1.0,38
Paraná,2018-06,2.0,33
Paraná,2018-06,4.0,1
Paraná,2018-06,Sem informação,17908
Paraná,2019-06,1.0,1994
Paraná,2019-06,2.0,3223
Paraná,2019-06,4.0,354
Paraná,2019-06,Sem informação,107940
Paraná,2020-06,1.0,621
Paraná,2020-06,2.0,2422
Paraná,2020-06,3.0,2
Paraná,2020-06,4.0,17
Paraná,2020-06,Sem informação,356818
Paraná,2021-06,1.0,440
Paraná,2021-06,2.0,304
Paraná,2021-06,Sem informação,86454
Paraná,2022-06,1.0,1945
Paraná,2022-06,2.0,130
Paraná,2022-06,4.0,1
Paraná,2022-06,Sem informação,154154
Paraná,2023-06,1.0,5188
Paraná,2023-06,2.0,51
Paraná,2023-06,3.0,1
Paraná,2023-06,Sem informação,205635
Paraná,2024-06,1.0,2939
Paraná,2024-06,2.0,524
Paraná,2024-06,3.0,105
Paraná,2024-06,4.0,3
Paraná,2024-06,Sem informação,286353
Paraíba,2007-06,1.0,43
Paraíba,2007-06,2.0,3
Paraíba,2007-06,3.0,1
Paraíba,2007-06,4.0,1
Paraíba,2007-06,Sem informação,12709
Paraíba,2009-06,1.0,3
Paraíba,2009-06,2.0,1
Paraíba,2009-06,3.0,1
Paraíba,2009-06,Sem informação,1597
Paraíba,2010-06,1.0,58
Paraíba,2010-06,2.0,4
Paraíba,2010-06,3.0,1
Paraíba,2010-06,4.0,9
Paraíba,2010-06,Sem informação,8627
Paraíba,2011-06,1.0,109
Paraíba,2011-06,3.0,1
Paraíba,2011-06,4.0,8
Paraíba,2011-06,Sem informação,16274
Paraíba,2012-06,1.0,32
Paraíba,2012-06,2.0,2
Paraíba,2012-06,4.0,7
Paraíba,2012-06,Sem informação,11461
Paraíba,2013-06,1.0,54
Paraíba,2013-06,2.0,1
Paraíba,2013-06,4.0,5
Paraíba,2013-06,Sem informação,18189
Paraíba,2014-06,1.0,11
Paraíba,2014-06,2.0,1
Paraíba,2014-06,Sem informação,7595
Paraíba,2015-06,1.0,13
Paraíba,2015-06,2.0,1
Paraíba,2015-06,4.0,1
Paraíba,2015-06,Sem informação,29955
Paraíba,2016-06,1.0,67
Paraíba,2016-06,2.0,1
Paraíba,2016-06,Sem informação,44896
Paraíba,2017-06,Sem informação,4539
Paraíba,2018-06,1.0,21
Paraíba,2018-06,Sem informação,12514
Paraíba,2019-06,1.0,51
Paraíba,2019-06,Sem informação,20878
Paraíba,2020-06,1.0,4
Paraíba,2020-06,2.0,7
Paraíba,2020-06,Sem informação,8573
Paraíba,2021-06,1.0,8
Paraíba,2021-06,2.0,19
Paraíba,2021-06,Sem informação,21948
Paraíba,2022-06,1.0,53
Paraíba,2022-06,2.0,105
Paraíba,2022-06,3.0,2
Paraíba,2022-06,Sem informação,28698
Paraíba,2023-06,1.0,5
Paraíba,2023-06,2.0,32
Paraíba,2023-06,Sem informação,7181
Paraíba,2024-06,1.0,7
Paraíba,2024-06,2.0,18
Paraíba,2024-06,3.0,1
Paraíba,2024-06,Sem informação,7264
Pará,2007-06,1.0,150
Pará,2007-06,2.0,71
Pará,2007-06,3.0,127
Pará,2007-06,4.0,3
Pará,2007-06,Sem informação,20026
Pará,2009-06,1.0,22
Pará,2009-06,2.0,9
Pará,2009-06,4.0,2
Pará,2009-06,Sem informação,12025
Pará,2010-06,1.0,144
Pará,2010-06,2.0,53
Pará,2010-06,3.0,2
Pará,2010-06,4.0,6
Pará,2010-06,Sem informação,21589
Pará,2011-06,1.0,113
Pará,2011-06,2.0,24
Pará,2011-06,4.0,42
Pará,2011-06,Sem informação,30715
Pará,2012-06,1.0,108
Pará,2012-06,2.0,8
Pará,2012-06,3.0,3
Pará,2012-06,4.0,121
Pará,2012-06,Sem informação,26903
Pará,2013-06,1.0,10
Pará,2013-06,2.0,2
Pará,2013-06,4.0,9
Pará,2013-06,Sem informação,17839
Pará,2014-06,1.0,33
Pará,2014-06,2.0,2
Pará,2014-06,4.0,11
Pará,2014-06,Sem informação,9571
Pará,2015-06,1.0,31
Pará,2015-06,2.0,1
Pará,2015-06,4.0,27
Pará,2015-06,Sem informação,17030
Pará,2016-06,1.0,7
Pará,2016-06,2.0,2
Pará,2016-06,4.0,2
Pará,2016-06,Sem informação,19465
Pará,2017-06,1.0,44
Pará,2017-06,2.0,1
Pará,2017-06,Sem informação,13477
Pará,2018-06,1.0,24
Pará,2018-06,2.0,8
Pará,2018-06,Sem informação,10022
Pará,2019-06,1.0,14
Pará,2019-06,2.0,14
Pará,2019-06,3.0,2
Pará,2019-06,Sem informação,9043
Pará,2020-06,1.0,31
Pará,2020-06,2.0,3
Pará,2020-06,4.0,2
Pará,2020-06,Sem informação,7452
Pará,2021-06,1.0,80
Pará,2021-06,4.0,1
Pará,2021-06,Sem informação,8658
Pará,2022-06,1.0,371
Pará,2022-06,2.0,8
Pará,2022-06,Sem informação,5539
Pará,2023-06,1.0,477
Pará,2023-06,2.0,80
Pará,2023-06,4.0,2
Pará,2023-06,Sem informação,5322
Pará,2024-06,1.0,583
Pará,2024-06,2.0,614
Pará,2024-06,3.0,9
Pará,2024-06,Sem informação,9935
Pernambuco,2007-06,1.0,133
Pernambuco,2007-06,2.0,21
Pernambuco,2007-06,3.0,23
Pernambuco,2007-06,4.0,4
Pernambuco,2007-06,Sem informação,35554
Pernambuco,2009-06,1.0,9
Pernambuco,2009-06,2.0,2
Pernambuco,2009-06,3.0,1
Pernambuco,2009-06,Sem informação,8382
Pernambuco,2010-06,1.0,155
Pernambuco,2010-06,2.0,19
Pernambuco,2010-06,3.0,2
Pernambuco,2010-06,4.0,23
Pernambuco,2010-06,Sem informação,59422
Pernambuco,2011-06,1.0,76
Pernambuco,2011-06,2.0,13
Pernambuco,2011-06,3.0,3
Pernambuco,2011-06,4.0,8
Pernambuco,2011-06,Sem informação,40525
Pernambuco,2012-06,1.0,54
Pernambuco,2012-06,2.0,2
Pernambuco,2012-06,3.0,11
Pernambuco,2012-06,4.0,82
Pernambuco,2012-06,Sem informação,63815
Pernambuco,2013-06,1.0,11
Pernambuco,2013-06,2.0,3
Pernambuco,2013-06,3.0,11
Pernambuco,2013-06,4.0,6
Pernambuco,2013-06,Sem informação,17972
Pernambuco,2014-06,1.0,29
Pernambuco,2014-06,2.0,1
Pernambuco,2014-06,3.0,4
Pernambuco,2014-06,4.0,7
Pernambuco,2014-06,Sem informação,19701
Pernambuco,2015-06,1.0,245
Pernambuco,2015-06,2.0,3
Pernambuco,2015-06,3.0,8
Pernambuco,2015-06,4.0,2
Pernambuco,2015-06,Sem informação,172658
Pernambuco,2016-06,1.0,6
Pernambuco,2016-06,2.0,2
Pernambuco,2016-06,3.0,2
Pernambuco,2016-06,4.0,2
Pernambuco,2016-06,Sem informação,120396
Pernambuco,2017-06,1.0,11
Pernambuco,2017-06,2.0,2
Pernambuco,2017-06,4.0,1
Pernambuco,2017-06,Sem informação,18060
Pernambuco,2018-06,1.0,11
Pernambuco,2018-06,3.0,1
Pernambuco,2018-06,Sem informação,23527
Pernambuco,2019-06,1.0,86
Pernambuco,2019-06,2.0,2
Pernambuco,2019-06,4.0,1
Pernambuco,2019-06,Sem informação,64124
Pernambuco,2020-06,1.0,8
Pernambuco,2020-06,2.0,10
Pernambuco,2020-06,Sem informação,36736
Pernambuco,2021-06,1.0,14
Pernambuco,2021-06,2.0,42
Pernambuco,2021-06,3.0,1
Pernambuco,2021-06,4.0,1
Pernambuco,2021-06,Sem informação,61059
Pernambuco,2022-06,1.0,15
Pernambuco,2022-06,2.0,90
Pernambuco,2022-06,Sem informação,16013
Pernambuco,2023-06,1.0,50
Pernambuco,2023-06,2.0,3
Pernambuco,2023-06,3.0,5
Pernambuco,2023-06,Sem informação,7779
Pernambuco,2024-06,1.0,4
Pernambuco,2024-06,2.0,24
Pernambuco,2024-06,4.0,1
Pernambuco,2024-06,Sem informação,17138
Piauí,2007-06,1.0,25
Piauí,2007-06,2.0,112
Piauí,2007-06,3.0,3
Piauí,2007-06,4.0,1
Piauí,2007-06,Sem informação,13691
Piauí,2009-06,1.0,54
Piauí,2009-06,2.0,2
Piauí,2009-06,3.0,1
Piauí,2009-06,4.0,8
Piauí,2009-06,Sem informação,5950
Piauí,2010-06,1.0,80
Piauí,2010-06,2.0,10
Piauí,2010-06,3.0,2
Piauí,2010-06,4.0,8
Piauí,2010-06,Sem informação,8699
Piauí,2011-06,1.0,56
Piauí,2011-06,2.0,1
Piauí,2011-06,4.0,9
Piauí,2011-06,Sem informação,14506
Piauí,2012-06,1.0,22
Piauí,2012-06,4.0,62
Piauí,2012-06,Sem informação,16157
Piauí,2013-06,1.0,15
Piauí,2013-06,4.0,7
Piauí,2013-06,Sem informação,7099
Piauí,2014-06,1.0,24
Piauí,2014-06,2.0,1
Piauí,2014-06,4.0,1
Piauí,2014-06,Sem informação,9886
Piauí,2015-06,1.0,20
Piauí,2015-06,2.0,2
Piauí,2015-06,3.0,1
Piauí,2015-06,Sem informação,11220
Piauí,2016-06,1.0,8
Piauí,2016-06,3.0,1
Piauí,2016-06,Sem informação,8498
Piauí,2017-06,1.0,5
Piauí,2017-06,Sem informação,8039
Piauí,2018-06,1.0,5
Piauí,2018-06,2.0,5
Piauí,2018-06,Sem informação,2803
Piauí,2019-06,1.0,139
Piauí,2019-06,2.0,79
Piauí,2019-06,Sem informação,9551
Piauí,2020-06,1.0,2
Piauí,2020-06,2.0,6
Piauí,2020-06,Sem informação,2915
Piauí,2021-06,1.0,12
Piauí,2021-06,Sem informação,4826
Piauí,2022-06,1.0,123
Piauí,2022-06,2.0,1
Piauí,2022-06,Sem informação,31574
Piauí,2023-06,1.0,2
Piauí,2023-06,2.0,1
Piauí,2023-06,Sem informação,7623
Piauí,2024-06,1.0,9
Piauí,2024-06,2.0,27
Piauí,2024-06,Sem informação,5243
Rio Grande do Norte,2007-06,1.0,85
Rio Grande do Norte,2007-06,2.0,3
Rio Grande do Norte,2007-06,3.0,3
Rio Grande do Norte,2007-06,4.0,4
Rio Grande do Norte,2007-06,Sem informação,15820
Rio Grande do Norte,2009-06,1.0,8
Rio Grande do Norte,2009-06,2.0,1
Rio Grande do Norte,2009-06,4.0,1
Rio Grande do Norte,2009-06,Sem informação,3891
Rio Grande do Norte,2010-06,1.0,49
Rio Grande do Norte,2010-06,2.0,9
Rio Grande do Norte,2010-06,4.0,8
Rio Grande do Norte,2010-06,Sem informação,9367
Rio Grande do Norte,2011-06,1.0,128
Rio Grande do Norte,2011-06,2.0,18
Rio Grande do Norte,2011-06,4.0,16
Rio Grande do Norte,2011-06,Sem informação,29356
Rio Grande do Norte,2012-06,1.0,42
Rio Grande do Norte,2012-06,2.0,7
Rio Grande do Norte,2012-06,4.0,76
Rio Grande do Norte,2012-06,Sem informação,35528
Rio Grande do Norte,2013-06,1.0,32
Rio Grande do Norte,2013-06,2.0,6
Rio Grande do Norte,2013-06,3.0,1
Rio Grande do Norte,2013-06,4.0,36
Rio Grande do Norte,2013-06,Sem informação,25164
Rio Grande do Norte,2014-06,1.0,15
Rio Grande do Norte,2014-06,4.0,8
Rio Grande do Norte,2014-06,Sem informação,14076
Rio Grande do Norte,2015-06,1.0,23
Rio Grande do Norte,2015-06,Sem informação,28355
Rio Grande do Norte,2016-06,1.0,18
Rio Grande do Norte,2016-06,2.0,1
Rio Grande do Norte,2016-06,4.0,1
Rio Grande do Norte,2016-06,Sem informação,63370
Rio Grande do Norte,2017-06,1.0,2
Rio Grande do Norte,2017-06,Sem informação,9513
Rio Grande do Norte,2018-06,1.0,20
Rio Grande do Norte,2018-06,2.0,2
Rio Grande do Norte,2018-06,3.0,2
Rio Grande do Norte,2018-06,4.0,1
Rio Grande do Norte,2018-06,Sem informação,30200
Rio Grande do Norte,2019-06,1.0,32
Rio Grande do Norte,2019-06,2.0,1
Rio Grande do Norte,2019-06,3.0,2
Rio Grande do Norte,2019-06,4.0,1
Rio Grande do Norte,2019-06,Sem informação,39831
Rio Grande do Norte,2020-06,1.0,10
Rio Grande do Norte,2020-06,2.0,4
Rio Grande do Norte,2020-06,4.0,1
Rio Grande do Norte,2020-06,Sem informação,12879
Rio Grande do Norte,2021-06,1.0,4
Rio Grande do Norte,2021-06,Sem informação,7383
Rio Grande do Norte,2022-06,1.0,104
Rio Grande do Norte,2022-06,2.0,386
Rio Grande do Norte,2022-06,3.0,1
Rio Grande do Norte,2022-06,Sem informação,41694
Rio Grande do Norte,2023-06,1.0,5
Rio Grande do Norte,2023-06,2.0,8
Rio Grande do Norte,2023-06,Sem informação,7655
Rio Grande do Norte,2024-06,1.0,18
Rio Grande do Norte,2024-06,2.0,17
Rio Grande do Norte,2024-06,Sem informação,10846
Rio Grande do Sul,2007-06,1.0,2
Rio Grande do Sul,2007-06,3.0,2
Rio Grande do Sul,2007-06,Sem informação,1409
Rio Grande do Sul,2009-06,Sem informação,277
Rio Grande do Sul,2010-06,1.0,8
Rio Grande do Sul,2010-06,2.0,24
Rio Grande do Sul,2010-06,Sem informação,4909
Rio Grande do Sul,2011-06,1.0,28
Rio Grande do Sul,2011-06,2.0,1
Rio Grande do Sul,2011-06,4.0,1
Rio Grande do Sul,2011-06,Sem informação,1641
Rio Grande do Sul,2012-06,1.0,9
Rio Grande do Sul,2012-06,4.0,11
Rio Grande do Sul,2012-06,Sem informação,581
Rio Grande do Sul,2013-06,1.0,15
Rio Grande do Sul,2013-06,2.0,50
Rio Grande do Sul,2013-06,4.0,31
Rio Grande do Sul,2013-06,Sem informação,2305
Rio Grande do Sul,2014-06,1.0,19
Rio Grande do Sul,2014-06,4.0,2
Rio Grande do Sul,2014-06,Sem informação,762
Rio Grande do Sul,2015-06,1.0,74
Rio Grande do Sul,2015-06,4.0,1
Rio Grande do Sul,2015-06,Sem informação,4057
Rio Grande do Sul,2016-06,1.0,126
Rio Grande do Sul,2016-06,2.0,2
Rio Grande do Sul,2016-06,Sem informação,8209
Rio Grande do Sul,2017-06,1.0,4
Rio Grande do Sul,2017-06,Sem informação,1606
Rio Grande do Sul,2018-06,1.0,3
Rio Grande do Sul,2018-06,2.0,1
Rio Grande do Sul,2018-06,Sem informação,809
Rio Grande do Sul,2019-06,1.0,89
Rio Grande do Sul,2019-06,2.0,1
Rio Grande do Sul,2019-06,4.0,2
Rio Grande do Sul,2019-06,Sem informação,4094
Rio Grande do Sul,2020-06,1.0,14
Rio Grande do Sul,2020-06,Sem informação,6528
Rio Grande do Sul,2021-06,1.0,100
Rio Grande do Sul,2021-06,Sem informação,16358
Rio Grande do Sul,2022-06,1.0,1114
Rio Grande do Sul,2022-06,2.0,25
Rio Grande do Sul,2022-06,Sem informação,66095
Rio Grande do Sul,2023-06,1.0,898
Rio Grande do Sul,2023-06,2.0,31
Rio Grande do Sul,2023-06,Sem informação,37829
Rio Grande do Sul,2024-06,1.0,409
Rio Grande do Sul,2024-06,2.0,73
Rio Grande do Sul,2024-06,Sem informação,69642
Rio de Janeiro,2007-06,1.0,16
Rio de Janeiro,2007-06,2.0,16
Rio de Janeiro,2007-06,3.0,99
Rio de Janeiro,2007-06,4.0,12
Rio de Janeiro,2007-06,Sem informação,65559
Rio de Janeiro,2009-06,1.0,12
Rio de Janeiro,2009-06,2.0,5
Rio de Janeiro,2009-06,4.0,1
Rio de Janeiro,2009-06,Sem informação,13077
Rio de Janeiro,2010-06,1.0,69
Rio de Janeiro,2010-06,2.0,53
Rio de Janeiro,2010-06,3.0,7
Rio de Janeiro,2010-06,4.0,11
Rio de Janeiro,2010-06,Sem informação,42252
Rio de Janeiro,2011-06,1.0,345
Rio de Janeiro,2011-06,2.0,56
Rio de Janeiro,2011-06,3.0,9
Rio de Janeiro,2011-06,4.0,18
Rio de Janeiro,2011-06,Sem informação,194204
Rio de Janeiro,2012-06,1.0,73
Rio de Janeiro,2012-06,3.0,5
Rio de Janeiro,2012-06,4.0,635
Rio de Janeiro,2012-06,Sem informação,252350
Rio de Janeiro,2013-06,1.0,34
Rio de Janeiro,2013-06,3.0,6
Rio de Janeiro,2013-06,4.0,339
Rio de Janeiro,2013-06,Sem informação,259894
Rio de Janeiro,2014-06,1.0,53
Rio de Janeiro,2014-06,3.0,1
Rio de Janeiro,2014-06,4.0,22
Rio de Janeiro,2014-06,Sem informação,15639
Rio de Janeiro,2015-06,1.0,317
Rio de Janeiro,2015-06,2.0,2
Rio de Janeiro,2015-06,4.0,20
Rio de Janeiro,2015-06,Sem informação,92940
Rio de Janeiro,2016-06,1.0,145
Rio de Janeiro,2016-06,3.0,1
Rio de Janeiro,2016-06,4.0,17
Rio de Janeiro,2016-06,Sem informação,115060
Rio de Janeiro,2017-06,1.0,1
Rio de Janeiro,2017-06,2.0,4
Rio de Janeiro,2017-06,3.0,1
Rio de Janeiro,2017-06,4.0,31
Rio de Janeiro,2017-06,Sem informação,16893
Rio de Janeiro,2018-06,1.0,3
Rio de Janeiro,2018-06,2.0,1
Rio de Janeiro,2018-06,4.0,3
Rio de Janeiro,2018-06,Sem informação,25008
Rio de Janeiro,2019-06,1.0,3
Rio de Janeiro,2019-06,2.0,76
Rio de Janeiro,2019-06,4.0,1
Rio de Janeiro,2019-06,Sem informação,50798
Rio de Janeiro,2020-06,1.0,11
Rio de Janeiro,2020-06,2.0,68
Rio de Janeiro,2020-06,Sem informação,8444
Rio de Janeiro,2021-06,1.0,15
Rio de Janeiro,2021-06,2.0,129
Rio de Janeiro,2021-06,Sem informação,5450
Rio de Janeiro,2022-06,1.0,683
Rio de Janeiro,2022-06,2.0,602
Rio de Janeiro,2022-06,Sem informação,9858
Rio de Janeiro,2023-06,1.0,8753
Rio de Janeiro,2023-06,2.0,2012
Rio de Janeiro,2023-06,4.0,1
Rio de Janeiro,2023-06,Sem informação,38967
Rio de Janeiro,2024-06,1.0,6087
Rio de Janeiro,2024-06,2.0,3547
Rio de Janeiro,2024-06,3.0,2
Rio de Janeiro,2024-06,Sem informação,181722
Rondônia,2007-06,1.0,15
Rondônia,2007-06,3.0,1
Rondônia,2007-06,4.0,1
Rondônia,2007-06,Sem informação,5618
Rondônia,2009-06,1.0,239
Rondônia,2009-06,2.0,3
Rondônia,2009-06,3.0,1
Rondônia,2009-06,4.0,3
Rondônia,2009-06,Sem informação,24448
Rondônia,2010-06,1.0,548
Rondônia,2010-06,2.0,2
Rondônia,2010-06,4.0,15
Rondônia,2010-06,Sem informação,27639
Rondônia,2011-06,1.0,15
Rondônia,2011-06,Sem informação,5866
Rondônia,2012-06,1.0,19
Rondônia,2012-06,4.0,3
Rondônia,2012-06,Sem informação,5180
Rondônia,2013-06,1.0,25
Rondônia,2013-06,4.0,3
Rondônia,2013-06,Sem informação,14429
Rondônia,2014-06,1.0,2
Rondônia,2014-06,Sem informação,5157
Rondônia,2015-06,1.0,5
Rondônia,2015-06,4.0,2
Rondônia,2015-06,Sem informação,5890
Rondônia,2016-06,1.0,86
Rondônia,2016-06,4.0,2
Rondônia,2016-06,Sem informação,15549
Rondônia,2017-06,1.0,13
Rondônia,2017-06,Sem informação,6348
Rondônia,2018-06,1.0,7
Rondônia,2018-06,Sem informação,1991
Rondônia,2019-06,1.0,15
Rondônia,2019-06,2.0,3
Rondônia,2019-06,Sem informação,2461
Rondônia,2020-06,1.0,24
Rondônia,2020-06,2.0,11
Rondônia,2020-06,Sem informação,6632
Rondônia,2021-06,1.0,4
Rondônia,2021-06,2.0,3
Rondônia,2021-06,Sem informação,4015
Rondônia,2022-06,1.0,28
Rondônia,2022-06,2.0,53
Rondônia,2022-06,Sem informação,14179
Rondônia,2023-06,1.0,175
Rondônia,2023-06,2.0,218
Rondônia,2023-06,Sem informação,10310
Rondônia,2024-06,1.0,100
Rondônia,2024-06,2.0,110
Rondônia,2024-06,Sem informação,4054
Roraima,2007-06,1.0,2
Roraima,2007-06,2.0,43
Roraima,2007-06,3.0,1
Roraima,2007-06,Sem informação,2541
Roraima,2009-06,1.0,53
Roraima,2009-06,2.0,12
Roraima,2009-06,4.0,1
Roraima,2009-06,Sem informação,6119
Roraima,2010-06,1.0,102
Roraima,2010-06,2.0,46
Roraima,2010-06,4.0,26
Roraima,2010-06,Sem informação,11629
Roraima,2011-06,1.0,15
Roraima,2011-06,4.0,5
Roraima,2011-06,Sem informação,3021
Roraima,2012-06,1.0,3
Roraima,2012-06,2.0,2
Roraima,2012-06,3.0,2
Roraima,2012-06,4.0,48
Roraima,2012-06,Sem informação,4530
Roraima,2013-06,1.0,3
Roraima,2013-06,3.0,1
Roraima,2013-06,4.0,1
Roraima,2013-06,Sem informação,2279
Roraima,2014-06,1.0,3
Roraima,2014-06,2.0,1
Roraima,2014-06,3.0,3
Roraima,2014-06,4.0,10
Roraima,2014-06,Sem informação,2195
Roraima,2015-06,1.0,5
Roraima,2015-06,2.0,2
Roraima,2015-06,3.0,1
Roraima,2015-06,4.0,2
Roraima,2015-06,Sem informação,2787
Roraima,2016-06,Sem informação,1946
Roraima,2017-06,1.0,1
Roraima,2017-06,Sem informação,4850
Roraima,2018-06,1.0,15
Roraima,2018-06,2.0,1
Roraima,2018-06,Sem informação,1508
Roraima,2019-06,1.0,83
Roraima,2019-06,2.0,67
Roraima,2019-06,4.0,1
Roraima,2019-06,Sem informação,4024
Roraima,2020-06,1.0,26
Roraima,2020-06,2.0,38
Roraima,2020-06,Sem informação,2309
Roraima,2021-06,Sem informação,1187
Roraima,2022-06,2.0,7
Roraima,2022-06,4.0,1
Roraima,2022-06,Sem informação,54
Roraima,2023-06,1.0,10
Roraima,2023-06,2.0,8
Roraima,2023-06,3.0,75
Roraima,2023-06,Sem informação,131
Roraima,2024-06,1.0,10
Roraima,2024-06,3.0,24
Roraima,2024-06,Sem informação,261
Santa Catarina,2007-06,1.0,5
Santa Catarina,2007-06,Sem informação,596
Santa Catarina,2009-06,1.0,2
Santa Catarina,2009-06,4.0,1
Santa Catarina,2009-06,Sem informação,262
Santa Catarina,2010-06,1.0,1
Santa Catarina,2010-06,Sem informação,651
Santa Catarina,2011-06,1.0,3
Santa Catarina,2011-06,4.0,1
Santa Catarina,2011-06,Sem informação,742
Santa Catarina,2012-06,1.0,1
Santa Catarina,2012-06,4.0,1
Santa Catarina,2012-06,Sem informação,427
Santa Catarina,2013-06,1.0,5
Santa Catarina,2013-06,Sem informação,1184
Santa Catarina,2014-06,1.0,1
Santa Catarina,2014-06,Sem informação,677
Santa Catarina,2015-06,1.0,2
Santa Catarina,2015-06,4.0,1
Santa Catarina,2015-06,Sem informação,11508
Santa Catarina,2016-06,1.0,4
Santa Catarina,2016-06,Sem informação,14328
Santa Catarina,2017-06,Sem informação,2615
Santa Catarina,2018-06,1.0,10
Santa Catarina,2018-06,2.0,8
Santa Catarina,2018-06,Sem informação,1818
Santa Catarina,2019-06,1.0,164
Santa Catarina,2019-06,2.0,53
Santa Catarina,2019-06,Sem informação,7291
Santa Catarina,2020-06,1.0,27
Santa Catarina,2020-06,2.0,27
Santa Catarina,2020-06,4.0,3
Santa Catarina,2020-06,Sem informação,23093
Santa Catarina,2021-06,1.0,186
Santa Catarina,2021-06,2.0,32
Santa Catarina,2021-06,Sem informação,34943
Santa Catarina,2022-06,1.0,4857
Santa Catarina,2022-06,2.0,336
Santa Catarina,2022-06,3.0,1
Santa Catarina,2022-06,4.0,3
Santa Catarina,2022-06,Sem informação,80091
Santa Catarina,2023-06,1.0,4245
Santa Catarina,2023-06,2.0,98
Santa Catarina,2023-06,3.0,1
Santa Catarina,2023-06,Sem informação,137736
Santa Catarina,2024-06,1.0,4036
Santa Catarina,2024-06,2.0,979
Santa Catarina,2024-06,4.0,2
Santa Catarina,2024-06,Sem informação,121121
Sergipe,2007-06,1.0,8
Sergipe,2007-06,Sem informação,2207
Sergipe,2009-06,1.0,1
Sergipe,2009-06,4.0,3
Sergipe,2009-06,Sem informação,3735
Sergipe,2010-06,1.0,2
Sergipe,2010-06,Sem informação,2013
Sergipe,2011-06,1.0,17
Sergipe,2011-06,4.0,1
Sergipe,2011-06,Sem informação,7249
Sergipe,2012-06,4.0,43
Sergipe,2012-06,Sem informação,11199
Sergipe,2013-06,1.0,1
Sergipe,2013-06,Sem informação,2416
Sergipe,2014-06,1.0,7
Sergipe,2014-06,4.0,5
Sergipe,2014-06,Sem informação,4230
Sergipe,2015-06,1.0,7
Sergipe,2015-06,Sem informação,14767
Sergipe,2016-06,1.0,2
Sergipe,2016-06,Sem informação,7521
Sergipe,2017-06,Sem informação,1347
Sergipe,2018-06,1.0,1
Sergipe,2018-06,Sem informação,540
Sergipe,2019-06,1.0,280
Sergipe,2019-06,2.0,93
Sergipe,2019-06,Sem informação,11161
Sergipe,2020-06,1.0,9
Sergipe,2020-06,2.0,4
Sergipe,2020-06,Sem informação,5267
Sergipe,2021-06,1.0,8
Sergipe,2021-06,2.0,7
Sergipe,2021-06,Sem informação,4526
Sergipe,2022-06,1.0,111
Sergipe,2022-06,2.0,406
Sergipe,2022-06,4.0,1
Sergipe,2022-06,Sem informação,4738
Sergipe,2023-06,1.0,136
Sergipe,2023-06,2.0,275
Sergipe,2023-06,Sem informação,2537
Sergipe,2024-06,1.0,37
Sergipe,2024-06,2.0,42
Sergipe,2024-06,Sem informação,2878
São Paulo,2007-06,1.0,229
São Paulo,2007-06,2.0,9
São Paulo,2007-06,3.0,265
São Paulo,2007-06,4.0,75
São Paulo,2007-06,Sem informação,187060
São Paulo,2009-06,1.0,228
São Paulo,2009-06,2.0,19
São Paulo,2009-06,3.0,145
São Paulo,2009-06,4.0,11
São Paulo,2009-06,Sem informação,43709
São Paulo,2010-06,1.0,572
São Paulo,2010-06,2.0,104
São Paulo,2010-06,3.0,20
São Paulo,2010-06,4.0,12
São Paulo,2010-06,Sem informação,304380
São Paulo,2011-06,1.0,916
São Paulo,2011-06,2.0,22
São Paulo,2011-06,3.0,3
São Paulo,2011-06,4.0,26
São Paulo,2011-06,Sem informação,234095
São Paulo,2012-06,1.0,367
São Paulo,2012-06,2.0,64
São Paulo,2012-06,3.0,1
São Paulo,2012-06,4.0,274
São Paulo,2012-06,Sem informação,96092
São Paulo,2013-06,1.0,948
São Paulo,2013-06,2.0,22
São Paulo,2013-06,4.0,679
São Paulo,2013-06,Sem informação,407133
São Paulo,2014-06,1.0,1067
São Paulo,2014-06,2.0,12
São Paulo,2014-06,4.0,67
São Paulo,2014-06,Sem informação,383970
São Paulo,2015-06,1.0,1439
São Paulo,2015-06,2.0,21
São Paulo,2015-06,3.0,4
São Paulo,2015-06,4.0,141
São Paulo,2015-06,Sem informação,1031465
São Paulo,2016-06,1.0,371
São Paulo,2016-06,2.0,55
São Paulo,2016-06,3.0,4
São Paulo,2016-06,4.0,53
São Paulo,2016-06,Sem informação,465148
São Paulo,2017-06,1.0,21
São Paulo,2017-06,2.0,11
São Paulo,2017-06,3.0,6
São Paulo,2017-06,Sem informação,83957
São Paulo,2018-06,1.0,107
São Paulo,2018-06,2.0,257
São Paulo,2018-06,3.0,1
São Paulo,2018-06,Sem informação,76624
São Paulo,2019-06,1.0,240
São Paulo,2019-06,2.0,1911
São Paulo,2019-06,3.0,1
São Paulo,2019-06,4.0,4
São Paulo,2019-06,Sem informação,717017
São Paulo,2020-06,1.0,198
São Paulo,2020-06,2.0,1013
São Paulo,2020-06,3.0,1
São Paulo,2020-06,4.0,2
São Paulo,2020-06,Sem informação,396680
São Paulo,2021-06,1.0,494
São Paulo,2021-06,2.0,202
São Paulo,2021-06,Sem informação,348151
São Paulo,2022-06,1.0,1732
São Paulo,2022-06,2.0,56
São Paulo,2022-06,Sem informação,349378
São Paulo,2023-06,1.0,2825
São Paulo,2023-06,2.0,243
São Paulo,2023-06,3.0,16
São Paulo,2023-06,Sem informação,334233
São Paulo,2024-06,1.0,1288
São Paulo,2024-06,2.0,658
São Paulo,2024-06,3.0,20
São Paulo,2024-06,4.0,1
São Paulo,2024-06,Sem informação,645629
Tocantins,2007-06,1.0,62
Tocantins,2007-06,2.0,1
Tocantins,2007-06,3.0,14
Tocantins,2007-06,4.0,1
Tocantins,2007-06,Sem informação,22016
Tocantins,2009-06,1.0,20
Tocantins,2009-06,2.0,2
Tocantins,2009-06,4.0,2
Tocantins,2009-06,Sem informação,10202
Tocantins,2010-06,1.0,107
Tocantins,2010-06,2.0,5
Tocantins,2010-06,4.0,3
Tocantins,2010-06,Sem informação,17268
Tocantins,2011-06,1.0,38
Tocantins,2011-06,2.0,5
Tocantins,2011-06,4.0,1
Tocantins,2011-06,Sem informação,22493
Tocantins,2012-06,1.0,7
Tocantins,2012-06,3.0,1
Tocantins,2012-06,4.0,27
Tocantins,2012-06,Sem informação,25963
Tocantins,2013-06,1.0,17
Tocantins,2013-06,4.0,11
Tocantins,2013-06,Sem informação,21197
Tocantins,2014-06,1.0,9
Tocantins,2014-06,4.0,5
Tocantins,2014-06,Sem informação,10396
Tocantins,2015-06,1.0,14
Tocantins,2015-06,2.0,1
Tocantins,2015-06,4.0,1
Tocantins,2015-06,Sem informação,19139
Tocantins,2016-06,1.0,4
Tocantins,2016-06,4.0,1
Tocantins,2016-06,Sem informação,19881
Tocantins,2017-06,1.0,15
Tocantins,2017-06,2.0,4
Tocantins,2017-06,3.0,1
Tocantins,2017-06,4.0,2
Tocantins,2017-06,Sem informação,14860
Tocantins,2018-06,1.0,9
Tocantins,2018-06,2.0,134
Tocantins,2018-06,Sem informação,8095
Tocantins,2019-06,1.0,16
Tocantins,2019-06,2.0,264
Tocantins,2019-06,Sem informação,30621
Tocantins,2020-06,1.0,8
Tocantins,2020-06,2.0,48
Tocantins,2020-06,Sem informação,5537
Tocantins,2021-06,1.0,748
Tocantins,2021-06,2.0,35
Tocantins,2021-06,4.0,1
Tocantins,2021-06,Sem informação,16430
Tocantins,2022-06,1.0,1029
Tocantins,2022-06,2.0,45
Tocantins,2022-06,Sem informação,19881
Tocantins,2023-06,1.0,49
Tocantins,2023-06,2.0,26
Tocantins,2023-06,Sem informação,3222
Tocantins,2024-06,1.0,37
Tocantins,2024-06,2.0,58
Tocantins,2024-06,Sem informação,3264
